Workbook
Name Codes: #REF!
Name Disciplines: #REF!

Sheet STR
A1: Inspection Request - STR | K1: A | L1: Approved | N1: Date: | O1: =TODAY() -> 46114
K2: B | L2: Approved with notes
K3: C | L3: Reject & Resubmit
K4: CC | L4: Not Resubmitted
K5: UR | L5: Under Review
A6: DOCUMENT REFERENCE NO | D6: Element | E6: Location | F6: DESCRIPTION | G6: Attachment | I6: Outgoing to Consultant | K6: Code Action | L6: Status | M6: Progress | N6: Over Duration | O6: scan | P6: Duration
A7: No. | B7: Referance | C7: REV | G7: Dwg | H7: Report | I7: Submission date | J7: Received Date
A9: 1 | B9: WIR-Civil-001 | C9: 0 | D9: STR | E9: Zone 2 Building : GA-(01-02-03-04-05-06-13-14-15-17-18) | F9: Compaction to 4 layers | I9: 45969 | J9: 45970 | K9: B | L9: CLOSED | M9: 1 | N9: 0 | O9: IN
A10: 2 | B10: WIR-Civil-002 | C10: 0 | D10: STR | E10: Zone 2 Building : GA-( 01-02-03-04-05-06 ) | F10: Prevention Termites , Polythene Sheet | I10: 46003 | J10: 46004 | K10: B | L10: CLOSED | M10: 1 | N10: 0 | O10: IN
A11: 3 | B11: WIR-Civil-003 | C11: 0 | D11: STR | E11: Zone 2 Building : GA-( 01-02-03-04-05-06 ) | F11: Form Work of P.C Footing | I11: 46003 | J11: 46003 | K11: B | L11: CLOSED | M11: 1 | N11: 0 | O11: IN
A12: 4 | B12: WIR-Civil-004 | C12: 0 | D12: STR | E12: Zone 2 Building : GA-( 01-02-03-04-05-06 ) | F12: Form and Steel Work of R.C Footing | I12: 46003 | J12: 46003 | K12: B | L12: CLOSED | M12: 1 | N12: 0 | O12: IN
A13: 5 | B13: WIR-Civil-005 | C13: 0 | D13: STR | E13: Zone 2 Building : GA-( 01-02-03-04-05-06 ) | F13: Surface Preparation for R.C Footing Before Insulation | I13: 46003 | J13: 46003 | K13: B | L13: CLOSED | M13: 1 | N13: 0 | O13: IN
A14: 6 | B14: WIR-Civil-006 | C14: 0 | D14: STR | E14: Zone 2 Building : GA-( 01-02-03-04-05-06 ) | F14: 1st Layer Insulation of R.C Footing | I14: 46003 | J14: 46006 | K14: B | L14: CLOSED | M14: 1 | N14: 0 | O14: IN
A15: 7 | B15: WIR-Civil-007 | C15: 0 | D15: STR | E15: Zone 2 Building : GA-( 01-02-03-04-05-06 ) | F15: 2nd Layer Insulation of R.C Footing | I15: 46003 | J15: 46006 | K15: B | L15: CLOSED | M15: 1 | N15: 0 | O15: IN
A16: 8 | B16: WIR-Civil-008 | C16: 0 | D16: STR | E16: Zone 2 Building : GA-( 01-02-03-04-05-06 ) | F16: Form and Steel Work of Grade Beam | I16: 46003 | J16: 45981 | K16: B | L16: CLOSED | M16: 1 | N16: 0 | O16: IN
A17: 9 | B17: WIR-Civil-009 | C17: 0 | D17: STR | E17: Zone 2 Building : GA-( 01-02-03-04-05-06 ) | F17: Surface Preparation for Grade Beam Before Insulation | I17: 46003 | J17: 45976 | K17: B | L17: CLOSED | M17: 1 | N17: 0 | O17: IN
A18: 10 | B18: WIR-Civil-010 | C18: 0 | D18: STR | E18: Zone 2 Building : GA-( 01-02-03-04-05-06 ) | F18: 1st Layer Insulation of Grade Beam | I18: 46003 | J18: 45976 | K18: B | L18: CLOSED | M18: 1 | N18: 0 | O18: IN
A19: 11 | B19: WIR-Civil-011 | C19: 0 | D19: STR | E19: Zone 2 Building : GA-( 01-02-03-04-05-06 ) | F19: 2nd Layer Insulation of Grade Beam | I19: 46003 | J19: 45976 | K19: B | L19: CLOSED | M19: 1 | N19: 0 | O19: IN
A20: 12 | B20: WIR-Civil-012 | C20: 0 | D20: STR | E20: Zone 2 Building : GA-( 01-02-03-04-05-06 ) | F20: Steel Work of Columns | I20: 46003 | J20: 46088 | K20: B | L20: CLOSED | M20: 1 | N20: 0 | O20: IN
... A28: 20 | B28: WIR-Civil-020 | C28: 0 | D28: STR | E28: Zone : 3 Building : twins Q-VS ( 01-02-03-04-09-10-11-12-13-19-20-21-22-33-34-35-36 ) | F28: Compaction | I28: 45984 | J28: 45984 | K28: B | L28: CLOSED | M28: 1 | N28: 0 | O28: IN
A29: 21 | B29: WIR-Civil-021 | C29: 0 | D29: STR | F29: الرد على NCR 001 | I29: 45990 | J29: 45994 | K29: S | L29: CLOSED | M29: 1 | N29: 0 | O29: IN
A30: 22 | B30: WIR-Civil-021 | C30: 1 | D30: STR | F30: الرد على NCR 001 | I30: 46001 | J30: 46072 | K30: B | L30: CLOSED | M30: 1 | N30: 0 | O30: IN
A31: 23 | B31: WIR-Civil-022 | C31: 0 | D31: STR | F31: الرد على NCR 002 | I31: 45990 | J31: 45994 | K31: S | L31: CLOSED | M31: 1 | N31: 0 | O31: IN
A32: 24 | B32: WIR-Civil-022 | C32: 1 | D32: STR | F32: الرد على NCR 002 | I32: 46001 | K32: S | L32: CLOSED | M32: 1 | N32: 0 | O32: IN
A33: 25 | B33: WIR-Civil-022 | C33: 2 | D33: STR | F33: closing NCR 002 | I33: 46001 | J33: 46072 | K33: B | L33: CLOSED | M33: 1 | N33: 0 | O33: IN
A34: 26 | B34: WIR-Civil-023 | C34: 0 | D34: STR | E34: مكرر وسيتم الغاءه | F34: NCR 005 | I34: 45990 | J34: 45994 | K34: S | L34: CLOSED | M34: 1 | N34: 0 | O34: IN
A35: 27 | B35: WIR-Civil-023 | C35: 1 | D35: STR | E35: مكرر وسيتم الغاءه | F35: الرد على NCR 005 | I35: 46001 | J35: 45994 | K35: C | L35: CLOSED | M35: 1 | N35: 0 | O35: IN
A36: 28 | B36: WIR-Civil-024 | C36: 0 | D36: STR | F36: الرد على NCR 04 | I36: 45990 | J36: 45994 | K36: S | L36: CLOSED | M36: 1 | N36: 0 | O36: IN
A37: 29 | B37: WIR-Civil-024 | C37: 1 | D37: STR | F37: الرد على NCR 04 | I37: 46001 | J37: 45994 | K37: S | L37: CLOSED | M37: 1 | N37: 0 | O37: IN
A38: 30 | B38: WIR-Civil-024 | C38: 2 | D38: STR | F38: الرد على NCR 04 | I38: 46106 | J38: 46106 | K38: B | L38: CLOSED | M38: 1 | N38: 0 | O38: IN
A39: 30 | B39: WIR-Civil-025 | C39: 0 | D39: STR | E39: Zone : 4 Building : Q-VF01 | F39: plan concrete Footing | I39: 45990 | J39: 45994 | K39: B | L39: CLOSED | M39: 1 | N39: 0 | O39: IN
A40: 31 | B40: WIR-Civil-026 | C40: 0 | D40: STR | E40: Zone : 4 Building : Q-VF01 | F40: Steel Work of R.C raft | I40: 45991 | J40: 45991 | K40: C | L40: CLOSED | M40: 1 | N40: 0 | O40: IN
A41: 32 | B41: WIR-Civil-027 | C41: 0 | D41: STR | E41: Zone : 4 Building : Q-VF01 | F41: Surface Preparation for R.C Footing Before Insulation | I41: 45991 | J41: 45991 | K41: B | L41: CLOSED | M41: 1 | N41: 0 | O41: IN
A42: 33 | B42: WIR-Civil-028 | C42: 0 | D42: STR | E42: Zone : 4 Building : Q-VF01 | F42: 1st Layer Insulation of R.C raft | I42: 45991 | J42: 45991 | K42: B | L42: CLOSED | M42: 1 | N42: 0 | O42: IN
A43: 34 | B43: WIR-Civil-029 | C43: 0 | D43: STR | E43: Zone : 4 Building : Q-VF01 | F43: 2nd Layer Insulation of R.C raft | I43: 45991 | J43: 45991 | K43: B | L43: CLOSED | M43: 1 | N43: 0 | O43: IN
A44: 35 | B44: WIR-Civil-030 | C44: 0 | D44: STR | E44: Zone : 4 Building : Q-VF01 | F44: Form and Steel Work of Grade Beam | I44: 45991 | J44: 45991 | K44: C | L44: CLOSED | M44: 1 | N44: 0 | O44: IN
B45: WIR-Civil-030 | C45: 1 | D45: STR | E45: Zone : 4 Building : Q-VF01 | F45: Form and Steel Work of Grade Beam | I45: 46004 | J45: 46006 | K45: D
A46: 36 | B46: WIR-Civil-031 | C46: 0 | D46: STR | E46: Zone : 4 Building : Q-VS01 | F46: Form Work of P.C raft | I46: 45991 | J46: 45991 | K46: B | L46: CLOSED | M46: 1 | N46: 0 | O46: IN
A47: 37 | B47: WIR-Civil-032 | C47: 0 | D47: STR | E47: Zone : 4 Building : Q-VS01 | F47: Form and Steel Work of R.C raft | I47: 45991 | J47: 45991 | K47: B | L47: CLOSED | M47: 1 | N47: 0 | O47: IN
A48: 38 | B48: WIR-Civil-033 | C48: 0 | D48: STR | E48: Zone : 4 Building : Q-VS01 | F48: Surface Preparation for R.C raft Before Insulation | I48: 45991 | J48: 45991 | K48: B | L48: CLOSED | M48: 1 | N48: 0 | O48: IN
A49: 39 | B49: WIR-Civil-034 | C49: 0 | D49: STR | E49: Zone : 4 Building : Q-VS01 | F49: 1st Layer Insulation of R.C raft | I49: 45991 | J49: 45991 | K49: B | L49: CLOSED | M49: 1 | N49: 0 | O49: IN
A50: 40 | B50: WIR-Civil-035 | C50: 0 | D50: STR | E50: Zone : 4 Building : Q-VS01 | F50: 2nd Layer Insulation of R.C raft | I50: 45991 | J50: 45991 | K50: B | L50: CLOSED | M50: 1 | N50: 0 | O50: IN
A51: 41 | B51: WIR-Civil-036 | C51: 0 | D51: STR | E51: Zone : 4 Building : Q-VS01 | F51: Form and Steel Work of Grade Beam | I51: 45991 | J51: 45991 | K51: C | L51: CLOSED | M51: 1 | N51: 0 | O51: IN
B52: WIR-Civil-036 | C52: 1 | D52: STR | E52: Zone : 4 Building : Q-VS01 | F52: Form and Steel Work of Grade Beam | I52: 46004 | J52: 46006 | K52: D
A53: 42 | B53: WIR-Civil-037 | C53: 0 | D53: STR | F53: الرد على 007 NCR | I53: 45991 | J53: 45991 | K53: S | L53: CLOSED | M53: 1 | N53: 0 | O53: IN
A54: 43 | B54: WIR-Civil-037 | C54: 1 | D54: STR | F54: الرد على 007 NCR | I54: 46013 | J54: 46013 | K54: S | L54: CLOSED | M54: 1 | N54: 0 | O54: IN
A55: 44 | B55: WIR-Civil-037 | C55: 2 | D55: STR | F55: الرد على 007 NCR | I55: 46085 | J55: 46085 | K55: B | L55: CLOSED | M55: 1 | N55: 0 | O55: IN
A56: 45 | B56: WIR-Civil-038 | C56: 0 | D56: STR | E56: Zone : 03 Building : u-vf07 (vip) | F56: prevention termites and polythene sheet | I56: 45991 | J56: 45991 | K56: S | L56: CLOSED | M56: 1 | N56: 0 | O56: IN
A57: 46 | B57: WIR-Civil-038 | C57: 1 | D57: STR | E57: Zone : 03 Building : u-vf07 (vip) | F57: prevention termites and polythene sheet | I57: 46004 | J57: 46005 | K57: B | L57: CLOSED | M57: 1 | N57: 0 | O57: IN
A58: 47 | B58: WIR-Civil-039 | C58: 0 | D58: STR | E58: Zone : 03 Building : u-vf07 (vip) | F58: Form Work of P.C Footing | I58: 45991 | J58: 45991 | K58: S | L58: CLOSED | M58: 1 | N58: 0 | O58: IN
A59: 48 | B59: WIR-Civil-039 | C59: 1 | D59: STR | E59: Zone : 03 Building : u-vf07 (vip) | F59: Form Work of P.C Footing | I59: 46004 | J59: 46005 | K59: S | L59: CLOSED | M59: 1 | N59: 0 | O59: IN
A60: 49 | B60: WIR-Civil-039 | C60: 2 | D60: STR | E60: Zone : 03 Building : u-vf07 (vip) | F60: Form Work of P.C Footing | I60: 46329 | J60: 16/3/2026 | K60: B
A61: 50 | B61: WIR-Civil-040 | C61: 0 | D61: STR | E61: Zone : 03 Building : u-vf07 (vip) | F61: Form and Steel Work of R.C raft | I61: 45991 | J61: 45991 | K61: S | L61: CLOSED | M61: 1 | N61: 0 | O61: IN
A62: 51 | B62: WIR-Civil-040 | C62: 1 | D62: STR | E62: Zone : 03 Building : u-vf07 (vip) | F62: Form and Steel Work of R.C raft | I62: 46004 | J62: 46005 | K62: S | L62: CLOSED | M62: 1 | N62: 0 | O62: IN
A63: 52 | B63: WIR-Civil-040 | C63: 2 | D63: STR | E63: Zone : 03 Building : u-vf07 (vip) | F63: Form and Steel Work of R.C raft | I63: 46097 | J63: 46097 | K63: B
A64: 53 | B64: WIR-Civil-041 | C64: 0 | D64: STR | E64: Zone : 03 Building : u-vf07 (vip) | F64: Insulation of R.C raft | I64: 45991 | J64: 45991 | K64: S | L64: CLOSED | M64: 1 | N64: 0 | O64: IN
A65: 54 | B65: WIR-Civil-041 | C65: 1 | D65: STR | E65: Zone : 03 Building : u-vf07 (vip) | F65: Insulation of R.C raft | I65: 46004 | J65: 46005 | K65: B | L65: CLOSED | M65: 1 | N65: 0 | O65: IN
A66: 55 | B66: WIR-Civil-042 | C66: 0 | D66: STR | E66: Zone : 03 Building : u-vf07 (vip) | F66: curing of R.C raft | I66: 45991 | J66: 45991 | K66: S | L66: CLOSED | M66: 1 | N66: 0 | O66: IN
A67: 56 | B67: WIR-Civil-042 | C67: 1 | D67: STR | E67: Zone : 03 Building : u-vf07 (vip) | F67: curing of R.C raft | I67: 46004 | J67: 46005 | K67: S | L67: CLOSED | M67: 1 | N67: 0 | O67: IN
A68: 57 | B68: WIR-Civil-042 | C68: 2 | D68: STR | E68: Zone : 03 Building : u-vf07 (vip) | F68: curing of R.C raft | I68: 46329 | J68: 16/3/2026 | K68: B
A69: 58 | B69: WIR-Civil-043 | C69: 0 | D69: STR | E69: Zone : 03 Building : u-vf07 (vip) | F69: structure Steel Work | I69: 45991 | J69: 45991 | K69: S | L69: CLOSED | M69: 1 | N69: 0 | O69: IN
A70: 59 | B70: WIR-Civil-043 | C70: 1 | D70: STR | E70: Zone : 03 Building : u-vf07 (vip) | F70: structure Steel Work | I70: 46004 | J70: 46005 | K70: S | L70: CLOSED | M70: 1 | N70: 0 | O70: IN
A71: 60 | B71: WIR-Civil-043 | C71: 2 | D71: STR | E71: Zone : 03 Building : u-vf07 (vip) | F71: structure Steel Work | I71: 46329 | K71: UR
A72: 61 | B72: WIR-Civil-044 | C72: 0 | D72: STR | E72: Zone : 03 Building : u-vf07 (vip) | F72: prevention termites and polythene sheet | I72: 45991 | J72: 45991 | K72: S | L72: CLOSED | M72: 1 | N72: 0 | O72: IN
A73: 62 | B73: WIR-Civil-044 | C73: 1 | D73: STR | E73: Zone : 03 Building : u-vf07 (vip) | F73: prevention termites and polythene sheet | I73: 46001 | J73: 46088 | K73: B | L73: CLOSED | M73: 1 | N73: 0 | O73: IN
A74: 63 | B74: WIR-Civil-045 | C74: 0 | D74: STR | E74: Zone : 03 Building : u-vf08 (vip) | F74: Form Work of P.C Footing | I74: 45991 | J74: 45991 | K74: S | L74: CLOSED | M74: 1 | N74: 0 | O74: IN
A75: 64 | B75: WIR-Civil-045 | C75: 1 | D75: STR | E75: Zone : 03 Building : u-vf08 (vip) | F75: Form Work of P.C Footing | I75: 46004 | J75: 46005 | K75: S | L75: CLOSED | M75: 1 | N75: 0 | O75: IN
A76: 65 | B76: WIR-Civil-045 | C76: 2 | D76: STR | E76: Zone : 03 Building : u-vf08 (vip) | F76: Form work of P.C Footing | I76: 46001 | J76: 16/3/2026 | K76: B
A77: 66 | B77: WIR-Civil-046 | C77: 0 | D77: STR | E77: Zone : 03 Building : u-vf08 (vip) | F77: Form and Steel Work of R.C raft | I77: 45991 | J77: 45991 | K77: S | L77: CLOSED | M77: 1 | N77: 0 | O77: IN
A78: 67 | B78: WIR-Civil-046 | C78: 1 | D78: STR | E78: Zone : 03 Building : u-vf08 (vip) | F78: Form and Steel Work of R.C raft | I78: 46004 | J78: 46005 | K78: S | L78: CLOSED | M78: 1 | N78: 0 | O78: IN
A79: 68 | B79: WIR-Civil-046 | C79: 2 | D79: STR | E79: Zone : 03 Building : u-vf08 (vip) | F79: Form and Steel Work of R.C raft | I79: 46001 | J79: 16/3/2026 | K79: B
A80: 69 | B80: WIR-Civil-047 | C80: 0 | D80: STR | E80: Zone : 03 Building : u-vf08 (vip) | F80: Surface Preparation for R.C raft Before Insulation | I80: 45991 | J80: 45991 | K80: S | L80: CLOSED | M80: 1 | N80: 0 | O80: IN
A81: 70 | B81: WIR-Civil-047 | C81: 1 | D81: STR | E81: Zone : 03 Building : u-vf08 (vip) | F81: Surface Preparation for R.C raft Before Insulation | I81: 46004 | J81: 46005 | K81: B | L81: CLOSED | M81: 1 | N81: 0 | O81: IN
A82: 71 | B82: WIR-Civil-048 | C82: 0 | D82: STR | E82: Zone : 03 Building : u-vf08 (vip) | F82: Insulation of R.C raft | I82: 45991 | J82: 45991 | K82: S | L82: CLOSED | M82: 1 | N82: 0 | O82: IN
A83: 72 | B83: WIR-Civil-048 | C83: 1 | D83: STR | E83: Zone : 03 Building : u-vf08 (vip) | F83: Insulation of R.C raft | I83: 46004 | J83: 46005 | K83: B | L83: CLOSED | M83: 1 | N83: 0 | O83: IN
A84: 73 | B84: WIR-Civil-049 | C84: 0 | D84: STR | E84: Zone : 03 Building : u-vf08 (vip) | F84: curing of R.C raft | I84: 45991 | J84: 45991 | K84: S | L84: CLOSED | M84: 1 | N84: 0 | O84: IN
A85: 74 | B85: WIR-Civil-049 | C85: 1 | D85: STR | E85: Zone : 03 Building : u-vf08 (vip) | F85: curing of R.C raft | J85: 46067 | K85: S | L85: CLOSED | M85: 1 | N85: 0 | O85: IN
A86: 75 | B86: WIR-Civil-049 | C86: 2 | D86: STR | E86: Zone : 03 Building : u-vf08 (vip) | F86: curing of R.C raft | I86: 46001 | J86: 16/3/2026 | K86: B
A87: 76 | B87: WIR-Civil-050 | C87: 0 | D87: STR | E87: Zone : 03 Building : u-vf08 (vip) | F87: structure Steel Work | I87: 45990 | J87: 45994 | K87: S | L87: CLOSED | M87: 1 | N87: 0 | O87: IN
A88: 77 | B88: WIR-Civil-050 | C88: 1 | D88: STR | E88: Zone : 03 Building : u-vf08 (vip) | F88: structure Steel Work | I88: 46001 | J88: 46367 | K88: S | L88: CLOSED | M88: 1 | N88: 0 | O88: IN
A89: 78 | B89: WIR-Civil-050 | C89: 2 | D89: STR | E89: Zone : 03 Building : u-vf08 (vip) | F89: structure Steel work | I89: 46001 | K89: UR
A90: 79 | B90: WIR-Civil-051 | C90: 0 | D90: STR | E90: Zone : 03 Building : u-vf09 (vip) | F90: prevention termites and polythene sheet | I90: 45990 | J90: 45994 | K90: S | L90: CLOSED | M90: 1 | N90: 0 | O90: IN
A91: 80 | B91: WIR-Civil-051 | C91: 1 | D91: STR | E91: Zone : 03 Building : u-vf09 (vip) | F91: prevention termites and polythene sheet | I91: 46000 | J91: 46002 | K91: B | L91: CLOSED | M91: 1 | N91: 0 | O91: IN
A92: 81 | B92: WIR-Civil-052 | C92: 0 | D92: STR | E92: Zone : 03 Building : u-vf09 (vip) | F92: Form Work of P.C Footing | I92: 45990 | J92: 45994 | K92: S | L92: CLOSED | M92: 1 | N92: 0 | O92: IN
A93: 82 | B93: WIR-Civil-052 | C93: 1 | D93: STR | E93: Zone : 03 Building : u-vf09 (vip) | F93: Form Work of P.C Footing | I93: 46000 | J93: 46002 | K93: S | L93: CLOSED | M93: 1 | N93: 0 | O93: IN
A94: 83 | B94: WIR-Civil-052 | C94: 2 | D94: STR | E94: Zone : 03 Building : u-vf09 (vip) | F94: Form work of P.C Footing | I94: 46001 | J94: 16/3/2026 | K94: B
A95: 84 | B95: WIR-Civil-053 | C95: 0 | D95: STR | E95: Zone : 03 Building : u-vf09 (vip) | F95: Form and Steel Work of R.C raft | I95: 45990 | J95: 45994 | K95: S | L95: CLOSED | M95: 1 | N95: 0 | O95: IN
A96: 85 | B96: WIR-Civil-053 | C96: 1 | D96: STR | E96: Zone : 03 Building : u-vf09 (vip) | F96: Form and Steel Work of R.C raft | I96: 46000 | J96: 46002 | K96: S | L96: CLOSED | M96: 1 | N96: 0 | O96: IN
A97: 86 | B97: WIR-Civil-053 | C97: 2 | D97: STR | E97: Zone : 03 Building : u-vf09 (vip) | F97: Form and Steel work of R.C raft | I97: 46001 | J97: 16/3/2026 | K97: B
A98: 87 | B98: WIR-Civil-054 | C98: 0 | D98: STR | E98: Zone : 03 Building : u-vf09 (vip) | F98: Surface Preparation for R.C raft Before Insulation | I98: 45990 | J98: 45994 | K98: S | L98: CLOSED | M98: 1 | N98: 0 | O98: IN
A99: 88 | B99: WIR-Civil-054 | C99: 1 | D99: STR | E99: Zone : 03 Building : u-vf09 (vip) | F99: Surface Preparation for R.C raft Before Insulation | I99: 46000 | J99: 46002 | K99: B | L99: CLOSED | M99: 1 | N99: 0 | O99: IN
A100: 89 | B100: WIR-Civil-055 | C100: 0 | D100: STR | E100: Zone : 03 Building : u-vf09 (vip) | F100: Insulation of R.C raft | I100: 45990 | J100: 45994 | K100: S | L100: CLOSED | M100: 1 | N100: 0 | O100: IN
A101: 90 | B101: WIR-Civil-055 | C101: 1 | D101: STR | E101: Zone : 03 Building : u-vf09 (vip) | F101: Insulation of R.C raft | I101: 46000 | J101: 46002 | K101: B | L101: CLOSED | M101: 1 | N101: 0 | O101: IN
A102: 91 | B102: WIR-Civil-056 | C102: 0 | D102: STR | E102: Zone : 03 Building : u-vf09 (vip) | F102: curing of R.C raft | I102: 46000 | J102: 46002 | K102: S | L102: CLOSED | M102: 1 | N102: 0 | O102: IN
A103: 92 | B103: WIR-Civil-056 | C103: 1 | D103: STR | E103: Zone : 03 Building : u-vf09 (vip) | F103: curing of R.C raft | I103: 45990 | J103: 45994 | K103: S | L103: CLOSED | M103: 1 | N103: 0 | O103: IN
A104: 93 | B104: WIR-Civil-056 | C104: 2 | D104: STR | E104: Zone : 03 Building : u-vf09 (vip) | F104: curing of R.C raft | I104: 46001 | J104: 16/3/2026 | K104: B
A105: 94 | B105: WIR-Civil-057 | C105: 0 | D105: STR | E105: Zone : 03 Building : u-vf09 (vip) | F105: structure Steel Work | I105: 45990 | J105: 45994 | K105: S | L105: CLOSED | M105: 1 | N105: 0 | O105: IN
A106: 95 | B106: WIR-Civil-057 | C106: 1 | D106: STR | E106: Zone : 03 Building : u-vf09 (vip) | F106: structure Steel Work | I106: 46001 | J106: 46367 | K106: S | L106: CLOSED | M106: 1 | N106: 0 | O106: IN
A107: 96 | B107: WIR-Civil-057 | C107: 2 | D107: STR | E107: Zone : 03 Building : u-vf09 (vip) | F107: structure Steel Work | I107: 46001 | K107: UR
A108: 97 | B108: WIR-Civil-058 | C108: 0 | D108: STR | E108: Zone : 03 Building : u-vf10 (vip) | F108: prevention termites and polythene sheet | I108: 45990 | J108: 45994 | K108: S | L108: CLOSED | M108: 1 | N108: 0 | O108: IN
...

Sheet ARCH
A1: Inspection Request - ARCH | K1: A | L1: Approved | N1: Date: | O1: =TODAY() -> 46114
K2: B | L2: Approved with notes
K3: C | L3: Reject & Resubmit
K4: CC | L4: Not Resubmitted
K5: UR | L5: Under Review
A6: DOCUMENT REFERENCE NO | D6: Element | E6: Location | F6: DESCRIPTION | G6: Attachment | I6: Outgoing to Consultant | K6: Code Action | L6: Status | M6: Progress | N6: Over Duration | O6: scan | P6: Duration
A7: No. | B7: Reference | C7: REV | G7: Dwg | H7: Report | I7: Submission date | J7: Received Date
A9: 1 | B9: WIR-ARCH-001 | C9: 0 | F9: NCR Clossing 001 | I9: 46014 | J9: 46018 | K9: S | O9: =HYPERLINK(CONCATENATE("Project Name\01- Inspection Request - IR\STR\",B9,"-",C9,".PDF"),"IN") -> IN | P9: =IF(C13=0,I13+1,IF(C13>0,I13+1)) -> 46359
B10: WIR-ARCH-001 | C10: 1 | F10: NCR Clossing 001 | I10: 46057 | J10: 46057 | K10: B
A11: 2 | B11: WIR-ARCH-002 | C11: 0 | F11: NCR Clossing 002 | I11: 46379 | J11: 46023 | K11: C | O11: =HYPERLINK(CONCATENATE("Project Name\01- Inspection Request - IR\STR\",B11,"-",C11,".PDF"),"IN") -> IN | P11: =IF(C14=0,I14+1,IF(C14>0,I14+1)) -> 46359
A12: 3 | B12: WIR-ARCH-002 | C12: 1 | F12: NCR Clossing 002 | K12: UR
A13: 4 | B13: WIR-ARCH-003 | C13: 0 | E13: Q-R01 | F13: Inspection of the first fix plastring works | I13: 46358 | J13: 46068 | K13: D | O13: =HYPERLINK(CONCATENATE("Project Name\01- Inspection Request - IR\STR\",B13,"-",C13,".PDF"),"IN") -> IN | P13: =IF(C15=0,I15+1,IF(C15>0,I15+1)) -> 46359
A14: 5 | B14: WIR-ARCH-004 | C14: 0 | E14: Q-R01 | F14: Inspection of the Second fix plastring works | I14: 46358 | J14: 46068 | K14: D | O14: =HYPERLINK(CONCATENATE("Project Name\01- Inspection Request - IR\STR\",B14,"-",C14,".PDF"),"IN") -> IN | P14: =IF(C16=0,I16+1,IF(C16>0,I16+1)) -> 46359
A15: 6 | B15: WIR-ARCH-005 | C15: 0 | E15: Q-R01 | F15: Inspection of wall sealer paint works | I15: 46358 | J15: 46068 | K15: C | O15: =HYPERLINK(CONCATENATE("Project Name\01- Inspection Request - IR\STR\",B15,"-",C15,".PDF"),"IN") -> IN | P15: =IF(C17=0,I17+1,IF(C17>0,I17+1)) -> 46359
A16: 7 | B16: WIR-ARCH-006 | C16: 0 | E16: Q-R01 | F16: Inspection of the first coat putty works | I16: 46358 | J16: 46068 | K16: C | O16: =HYPERLINK(CONCATENATE("Project Name\01- Inspection Request - IR\STR\",B16,"-",C16,".PDF"),"IN") -> IN
A17: 8 | B17: WIR-ARCH-007 | C17: 0 | E17: Q-R01 | F17: Inspection of the Second coat putty works | I17: 46358 | J17: 46068 | K17: C | O17: =HYPERLINK(CONCATENATE("Project Name\01- Inspection Request - IR\STR\",B17,"-",C17,".PDF"),"IN") -> IN
A18: 9 | B18: WIR-ARCH-008 | C18: 0 | E18: Q-R01 | F18: Inspection of the Third coat putty works | I18: 46065 | J18: 46068 | K18: C | O18: =HYPERLINK(CONCATENATE("Project Name\01- Inspection Request - IR\STR\",B18,"-",C18,".PDF"),"IN") -> IN
A19: 10 | B19: WIR-ARCH-009 | C19: 0 | E19: Q-R01 | F19: Inspection of the first coat wall painting works | I19: 46065 | J19: 46068 | K19: C | O19: =HYPERLINK(CONCATENATE("Project Name\01- Inspection Request - IR\STR\",B19,"-",C19,".PDF"),"IN") -> IN
A20: 11 | B20: WIR-ARCH-010 | C20: 0 | E20: Q-R01 | F20: Inspection of the second coat wall painting works | I20: 46065 | J20: 46068 | K20: C | O20: =HYPERLINK(CONCATENATE("Project Name\01- Inspection Request - IR\STR\",B20,"-",C20,".PDF"),"IN") -> IN
A21: 12 | B21: WIR-ARCH-011 | C21: 0 | E21: Q-R01 | F21: Inspection of the first fix of gybsm board | I21: 46065 | J21: 46068 | K21: B | O21: =HYPERLINK(CONCATENATE("Project Name\01- Inspection Request - IR\STR\",B21,"-",C21,".PDF"),"IN") -> IN
A22: 13 | B22: WIR-ARCH-012 | C22: 0 | E22: Q-R01 | F22: Inspection of the second fix of gybsm board | I22: 46065 | J22: 46068 | K22: B | O22: =HYPERLINK(CONCATENATE("Project Name\01- Inspection Request - IR\STR\",B22,"-",C22,".PDF"),"IN") -> IN
A23: 14 | B23: WIR-ARCH-013 | C23: 0 | E23: Q-R03 | F23: Inspection of the first fix plastring works | I23: 46065 | J23: 46068 | K23: D | O23: =HYPERLINK(CONCATENATE("Project Name\01- Inspection Request - IR\STR\",B23,"-",C23,".PDF"),"IN") -> IN
A24: 15 | B24: WIR-ARCH-014 | C24: 0 | E24: Q-R03 | F24: Inspection of the second fix plastring works | I24: 46065 | J24: 46068 | K24: D | O24: =HYPERLINK(CONCATENATE("Project Name\01- Inspection Request - IR\STR\",B24,"-",C24,".PDF"),"IN") -> IN
A25: 16 | B25: WIR-ARCH-015 | C25: 0 | E25: Q-R03 | F25: Inspection of wall sealer paint works | I25: 46065 | J25: 46068 | K25: C | O25: =HYPERLINK(CONCATENATE("Project Name\01- Inspection Request - IR\STR\",B25,"-",C25,".PDF"),"IN") -> IN
A26: 17 | B26: WIR-ARCH-016 | C26: 0 | E26: Q-R03 | F26: Inspection of the first coat wall putty works | I26: 46065 | J26: 46068 | K26: C | O26: =HYPERLINK(CONCATENATE("Project Name\01- Inspection Request - IR\STR\",B26,"-",C26,".PDF"),"IN") -> IN
A27: 18 | B27: WIR-ARCH-017 | C27: 0 | E27: Q-R03 | F27: Inspection of the Second coat wall putty works | I27: 46065 | J27: 46068 | K27: C | O27: =HYPERLINK(CONCATENATE("Project Name\01- Inspection Request - IR\STR\",B27,"-",C27,".PDF"),"IN") -> IN
... A40: 31 | B40: WIR-ARCH-030 | C40: 0 | E40: Q-R05 | F40: Inspection of the second coat wall painting works | I40: 46065 | J40: 46068 | K40: C | O40: =HYPERLINK(CONCATENATE("Project Name\01- Inspection Request - IR\STR\",B40,"-",C40,".PDF"),"IN") -> IN
A41: 32 | B41: WIR-ARCH-031 | C41: 0 | F41: Closing NCR 016 | I41: 46035 | J41: 46038 | K41: B | O41: =HYPERLINK(CONCATENATE("Project Name\01- Inspection Request - IR\STR\",B41,"-",C41,".PDF"),"IN") -> IN
A42: 33 | B42: WIR-ARCH-032 | C42: 0 | F42: Closing NCR 017 | I42: 46035 | J42: 46038 | K42: B | O42: =HYPERLINK(CONCATENATE("Project Name\01- Inspection Request - IR\STR\",B42,"-",C42,".PDF"),"IN") -> IN
A43: 34 | B43: WIR-ARCH-033 | C43: 0 | F43: Closing NCR 015 | I43: 46035 | J43: 46040 | K43: C | O43: =HYPERLINK(CONCATENATE("Project Name\01- Inspection Request - IR\STR\",B43,"-",C43,".PDF"),"IN") -> IN
A44: 35 | B44: WIR-ARCH-033 | C44: 1 | F44: Closing NCR 015 | K44: UR | O44: =HYPERLINK(CONCATENATE("Project Name\01- Inspection Request - IR\STR\",B44,"-",C44,".PDF"),"IN") -> IN
A45: 36 | B45: WIR-ARCH-034 | C45: 0 | F45: Closed Non Conformance Report No.( NCR-ARCH-021) | K45: UR | O45: =HYPERLINK(CONCATENATE("Project Name\01- Inspection Request - IR\STR\",B45,"-",C45,".PDF"),"IN") -> IN
A46: 37 | B46: WIR-ARCH-035 | C46: 0 | F46: Closed Non Conformance Report No.( NCR-ARCH-020) | K46: UR | O46: =HYPERLINK(CONCATENATE("Project Name\01- Inspection Request - IR\STR\",B46,"-",C46,".PDF"),"IN") -> IN
A47: 38 | B47: WIR-ARCH-036 | C47: 0 | F47: Closed Non Conformance Report No.( NCR-ARCH-03) | K47: UR | O47: =HYPERLINK(CONCATENATE("Project Name\01- Inspection Request - IR\STR\",B47,"-",C47,".PDF"),"IN") -> IN
A48: 39 | B48: WIR-ARCH-037 | C48: 0 | F48: Closed Non Conformance Report No.( NCR-ARCH-04) | K48: B | O48: =HYPERLINK(CONCATENATE("Project Name\01- Inspection Request - IR\STR\",B48,"-",C48,".PDF"),"IN") -> IN
A49: 40 | B49: WIR-ARCH-038 | C49: 0 | F49: Closed Non Conformance Report No.( NCR-ARCH-05) | K49: B | O49: =HYPERLINK(CONCATENATE("Project Name\01- Inspection Request - IR\STR\",B49,"-",C49,".PDF"),"IN") -> IN
A50: 41 | B50: WIR-ARCH-039 | C50: 0 | F50: Closed Non Conformance Report No.( NCR-ARCH-06) | K50: B | O50: =HYPERLINK(CONCATENATE("Project Name\01- Inspection Request - IR\STR\",B50,"-",C50,".PDF"),"IN") -> IN
A51: 42 | B51: WIR-ARCH-040 | C51: 0 | F51: Closed Non Conformance Report No.( NCR-ARCH-019) | K51: UR | O51: =HYPERLINK(CONCATENATE("Project Name\01- Inspection Request - IR\STR\",B51,"-",C51,".PDF"),"IN") -> IN
A52: 43 | B52: WIR-ARCH-041 | C52: 0 | F52: Closed Non Conformance Report No.( NCR-ARCH-08) | K52: UR | O52: =HYPERLINK(CONCATENATE("Project Name\01- Inspection Request - IR\STR\",B52,"-",C52,".PDF"),"IN") -> IN
A53: 44 | B53: WIR-ARCH-042 | C53: 0 | F53: Closed Non Conformance Report No.( NCR-ARCH-09) | K53: UR | O53: =HYPERLINK(CONCATENATE("Project Name\01- Inspection Request - IR\STR\",B53,"-",C53,".PDF"),"IN") -> IN
A54: 45 | B54: WIR-ARCH-043 | C54: 0 | F54: Closed Non Conformance Report No.( NCR-ARCH-010) | K54: UR | O54: =HYPERLINK(CONCATENATE("Project Name\01- Inspection Request - IR\STR\",B54,"-",C54,".PDF"),"IN") -> IN
A55: 46 | B55: WIR-ARCH-044 | C55: 0 | F55: Closed Non Conformance Report No.( NCR-ARCH-011) | K55: UR | O55: =HYPERLINK(CONCATENATE("Project Name\01- Inspection Request - IR\STR\",B55,"-",C55,".PDF"),"IN") -> IN
... A58: 49 | B58: WIR-ARCH-047 | C58: 0 | F58: Closed Non Conformance Report No.( NCR-ARCH-014) | K58: B | O58: =HYPERLINK(CONCATENATE("Project Name\01- Inspection Request - IR\STR\",B58,"-",C58,".PDF"),"IN") -> IN
A59: 50 | K59: UR | O59: =HYPERLINK(CONCATENATE("Project Name\01- Inspection Request - IR\STR\",B59,"-",C59,".PDF"),"IN") -> IN
A60: 51 | B60: WIR-ARCH-051 | C60: 0 | F60: Closed Non Conformance Report No.( NCR-ARCH-018) | K60: B | O60: =HYPERLINK(CONCATENATE("Project Name\01- Inspection Request - IR\STR\",B60,"-",C60,".PDF"),"IN") -> IN
A61: 52 | B61: WIR-ARCH-052 | C61: 0 | F61: Closed Non Conformance Report No.( NCR-ARCH-022) | K61: UR | O61: =HYPERLINK(CONCATENATE("Project Name\01- Inspection Request - IR\STR\",B61,"-",C61,".PDF"),"IN") -> IN
A62: 53 | B62: WIR-ARCH-053 | C62: 0 | F62: Closed Non Conformance Report No.( NCR-ARCH-025) | K62: UR | O62: =HYPERLINK(CONCATENATE("Project Name\01- Inspection Request - IR\STR\",B62,"-",C62,".PDF"),"IN") -> IN
A63: 54 | B63: WIR-ARCH-054 | C63: 0 | E63: Q-R03 | F63: Inspection of First course masonry alignment works | K63: UR | O63: =HYPERLINK(CONCATENATE("Project Name\01- Inspection Request - IR\STR\",B63,"-",C63,".PDF"),"IN") -> IN
A64: 55 | B64: WIR-ARCH-055 | C64: 0 | E64: Q-R03 | F64: Inspection of blockwork for the building | K64: UR | O64: =HYPERLINK(CONCATENATE("Project Name\01- Inspection Request - IR\STR\",B64,"-",C64,".PDF"),"IN") -> IN
A65: 56 | B65: WIR-ARCH-056 | C65: 0 | E65: Q-R05 | F65: Inspection of First course masonry alignment works | K65: UR | O65: =HYPERLINK(CONCATENATE("Project Name\01- Inspection Request - IR\STR\",B65,"-",C65,".PDF"),"IN") -> IN
A66: 57 | B66: WIR-ARCH-057 | C66: 0 | E66: Q-R05 | F66: Inspection of blockwork for the building | K66: UR | O66: =HYPERLINK(CONCATENATE("Project Name\01- Inspection Request - IR\STR\",B66,"-",C66,".PDF"),"IN") -> IN
A67: 58 | B67: WIR-ARCH-058 | C67: 0 | E67: Q-C03 | F67: Inspection of First course masonry alignment works | K67: UR | O67: =HYPERLINK(CONCATENATE("Project Name\01- Inspection Request - IR\STR\",B67,"-",C67,".PDF"),"IN") -> IN
A68: 59 | B68: WIR-ARCH-059 | C68: 0 | E68: Q-C03 | F68: Inspection of blockwork for the building | K68: UR | O68: =HYPERLINK(CONCATENATE("Project Name\01- Inspection Request - IR\STR\",B68,"-",C68,".PDF"),"IN") -> IN
A69: 60 | B69: WIR-ARCH-060 | C69: 0 | E69: Q-C04 | F69: Inspection of First course masonry alignment works | K69: UR | O69: =HYPERLINK(CONCATENATE("Project Name\01- Inspection Request - IR\STR\",B69,"-",C69,".PDF"),"IN") -> IN
A70: 61 | B70: WIR-ARCH-061 | C70: 0 | E70: Q-C04 | F70: Inspection of blockwork for the building | K70: UR | O70: =HYPERLINK(CONCATENATE("Project Name\01- Inspection Request - IR\STR\",B70,"-",C70,".PDF"),"IN") -> IN
A71: 62 | B71: WIR-ARCH-062 | C71: 0 | E71: Q-C05 | F71: Inspection of First course masonry alignment works | K71: UR | O71: =HYPERLINK(CONCATENATE("Project Name\01- Inspection Request - IR\STR\",B71,"-",C71,".PDF"),"IN") -> IN
A72: 63 | B72: WIR-ARCH-063 | C72: 0 | E72: Q-C05 | F72: Inspection of blockwork for the building | K72: UR | O72: =HYPERLINK(CONCATENATE("Project Name\01- Inspection Request - IR\STR\",B72,"-",C72,".PDF"),"IN") -> IN
A73: 64 | B73: WIR-ARCH-064 | C73: 0 | E73: Q-C06 | F73: Inspection of First course masonry alignment works | K73: UR | O73: =HYPERLINK(CONCATENATE("Project Name\01- Inspection Request - IR\STR\",B73,"-",C73,".PDF"),"IN") -> IN
A74: 65 | B74: WIR-ARCH-065 | C74: 0 | E74: Q-C06 | F74: Inspection of blockwork for the building | K74: UR | O74: =HYPERLINK(CONCATENATE("Project Name\01- Inspection Request - IR\STR\",B74,"-",C74,".PDF"),"IN") -> IN
... A94: 85 | B94: WIR-ARCH-085 | C94: 0 | E94: Q-C16 | F94: Inspection of blockwork for the building | K94: UR | O94: =HYPERLINK(CONCATENATE("Project Name\01- Inspection Request - IR\STR\",B94,"-",C94,".PDF"),"IN") -> IN
A95: 86 | B95: WIR-ARCH-086 | C95: 0 | E95: GA01 | F95: Inspection of First course masonry alignment works | I95: 25/3/2026 | K95: UR | O95: =HYPERLINK(CONCATENATE("Project Name\01- Inspection Request - IR\STR\",B95,"-",C95,".PDF"),"IN") -> IN
A96: 87 | B96: WIR-ARCH-087 | C96: 0 | E96: GA01 | F96: Inspection of blockwork for the building | I96: 25/3/2026 | K96: UR | O96: =HYPERLINK(CONCATENATE("Project Name\01- Inspection Request - IR\STR\",B96,"-",C96,".PDF"),"IN") -> IN
A97: 88 | B97: WIR-ARCH-088 | C97: 0 | E97: GA02 | F97: Inspection of First course masonry alignment works | I97: 25/3/2026 | K97: UR | O97: =HYPERLINK(CONCATENATE("Project Name\01- Inspection Request - IR\STR\",B97,"-",C97,".PDF"),"IN") -> IN
A98: 89 | B98: WIR-ARCH-089 | C98: 0 | E98: GA02 | F98: Inspection of blockwork for the building | I98: 25/3/2026 | K98: UR | O98: =HYPERLINK(CONCATENATE("Project Name\01- Inspection Request - IR\STR\",B98,"-",C98,".PDF"),"IN") -> IN
A99: 90 | B99: WIR-ARCH-090 | C99: 0 | E99: GA03 | F99: Inspection of First course masonry alignment works | I99: 25/3/2026 | K99: UR | O99: =HYPERLINK(CONCATENATE("Project Name\01- Inspection Request - IR\STR\",B99,"-",C99,".PDF"),"IN") -> IN
A100: 91 | B100: WIR-ARCH-091 | C100: 0 | E100: GA03 | F100: Inspection of blockwork for the building | I100: 25/3/2026 | K100: UR | O100: =HYPERLINK(CONCATENATE("Project Name\01- Inspection Request - IR\STR\",B100,"-",C100,".PDF"),"IN") -> IN
A101: 92 | B101: WIR-ARCH-092 | C101: 0 | E101: GA04 | F101: Inspection of First course masonry alignment works | I101: 25/3/2026 | K101: UR | O101: =HYPERLINK(CONCATENATE("Project Name\01- Inspection Request - IR\STR\",B101,"-",C101,".PDF"),"IN") -> IN
A102: 93 | B102: WIR-ARCH-093 | C102: 0 | E102: GA04 | F102: Inspection of blockwork for the building | I102: 25/3/2026 | K102: UR | O102: =HYPERLINK(CONCATENATE("Project Name\01- Inspection Request - IR\STR\",B102,"-",C102,".PDF"),"IN") -> IN
A103: 94 | B103: WIR-ARCH-094 | C103: 0 | E103: GA05 | F103: Inspection of First course masonry alignment works | I103: 25/3/2026 | K103: UR | O103: =HYPERLINK(CONCATENATE("Project Name\01- Inspection Request - IR\STR\",B103,"-",C103,".PDF"),"IN") -> IN
A104: 95 | B104: WIR-ARCH-095 | C104: 0 | E104: GA05 | F104: Inspection of blockwork for the building | I104: 25/3/2026 | K104: UR | O104: =HYPERLINK(CONCATENATE("Project Name\01- Inspection Request - IR\STR\",B104,"-",C104,".PDF"),"IN") -> IN
A105: 96 | B105: WIR-ARCH-096 | C105: 0 | E105: GA06 | F105: Inspection of First course masonry alignment works | I105: 25/3/2026 | K105: UR | O105: =HYPERLINK(CONCATENATE("Project Name\01- Inspection Request - IR\STR\",B105,"-",C105,".PDF"),"IN") -> IN
A106: 97 | B106: WIR-ARCH-097 | C106: 0 | E106: GA06 | F106: Inspection of blockwork for the building | I106: 25/3/2026 | K106: UR | O106: =HYPERLINK(CONCATENATE("Project Name\01- Inspection Request - IR\STR\",B106,"-",C106,".PDF"),"IN") -> IN
... A182: 173 | B182: WIR-ARCH-173 | C182: 0 | E182: WC02 | F182: Inspection of blockwork for the building | I182: 25/3/2026 | K182: UR | O182: =HYPERLINK(CONCATENATE("Project Name\01- Inspection Request - IR\STR\",B182,"-",C182,".PDF"),"IN") -> IN
A183: 174 | B183: WIR-ARCH-174 | C183: 0 | O183: =HYPERLINK(CONCATENATE("Project Name\01- Inspection Request - IR\STR\",B183,"-",C183,".PDF"),"IN") -> IN
A184: 175 | B184: WIR-ARCH-175 | C184: 0 | F184: Closing NCR 005 | I184: 46068 | J184: 46072 | K184: C | O184: =HYPERLINK(CONCATENATE("Project Name\01- Inspection Request - IR\STR\",B184,"-",C184,".PDF"),"IN") -> IN
A185: 176 | B185: WIR-ARCH-176 | C185: 0 | E185: Q-C16 | F185: Inspection of the first fix of gepsum board | K185: UR | O185: =HYPERLINK(CONCATENATE("Project Name\01- Inspection Request - IR\STR\",B185,"-",C185,".PDF"),"IN") -> IN
A186: 177 | B186: WIR-ARCH-177 | C186: 0 | E186: Q-C16 | F186: Inspection of the 2ND fix of gepsumboard | K186: UR | O186: =HYPERLINK(CONCATENATE("Project Name\01- Inspection Request - IR\STR\",B186,"-",C186,".PDF"),"IN") -> IN
A187: 178 | B187: WIR-ARCH-178 | C187: 0 | F187: Closing NCR 008 | I187: 46068 | J187: 46072 | K187: C | O187: =HYPERLINK(CONCATENATE("Project Name\01- Inspection Request - IR\STR\",B187,"-",C187,".PDF"),"IN") -> IN
A188: 179 | B188: WIR-ARCH-179 | C188: 0 | E188: k01 | F188: Inspection of the first fix of CEMENT board | K188: UR | O188: =HYPERLINK(CONCATENATE("Project Name\01- Inspection Request - IR\STR\",B188,"-",C188,".PDF"),"IN") -> IN
A189: 180 | B189: WIR-ARCH-180 | C189: 0 | E189: k01 | F189: Inspection of the 2ND fix of CEMENT board | K189: UR | O189: =HYPERLINK(CONCATENATE("Project Name\01- Inspection Request - IR\STR\",B189,"-",C189,".PDF"),"IN") -> IN
A190: 181 | B190: WIR-ARCH-181 | C190: 0 | E190: k02 | F190: Inspection of the first fix of CEMENT board | K190: UR | O190: =HYPERLINK(CONCATENATE("Project Name\01- Inspection Request - IR\STR\",B190,"-",C190,".PDF"),"IN") -> IN
A191: 182 | B191: WIR-ARCH-182 | C191: 0 | E191: k02 | F191: Inspection of the 2ND fix of CEMENT board | K191: UR | O191: =HYPERLINK(CONCATENATE("Project Name\01- Inspection Request - IR\STR\",B191,"-",C191,".PDF"),"IN") -> IN
A192: 183 | B192: WIR-ARCH-183 | C192: 0 | E192: k03 | F192: Inspection of the first fix of CEMENT board | K192: UR | O192: =HYPERLINK(CONCATENATE("Project Name\01- Inspection Request - IR\STR\",B192,"-",C192,".PDF"),"IN") -> IN
A193: 184 | B193: WIR-ARCH-184 | C193: 0 | E193: k03 | F193: Inspection of the 2ND fix of CEMENT board | K193: UR | O193: =HYPERLINK(CONCATENATE("Project Name\01- Inspection Request - IR\STR\",B193,"-",C193,".PDF"),"IN") -> IN
A194: 185 | B194: WIR-ARCH-185 | C194: 0 | E194: k04 | F194: Inspection of the first fix of CEMENT board | K194: UR | O194: =HYPERLINK(CONCATENATE("Project Name\01- Inspection Request - IR\STR\",B194,"-",C194,".PDF"),"IN") -> IN
A195: 186 | B195: WIR-ARCH-186 | C195: 0 | E195: k04 | F195: Inspection of the 2ND fix of CEMENT board | K195: UR | O195: =HYPERLINK(CONCATENATE("Project Name\01- Inspection Request - IR\STR\",B195,"-",C195,".PDF"),"IN") -> IN
A196: 187 | B196: WIR-ARCH-187 | C196: 0 | E196: k05 | F196: Inspection of the first fix of CEMENT board | K196: UR | O196: =HYPERLINK(CONCATENATE("Project Name\01- Inspection Request - IR\STR\",B196,"-",C196,".PDF"),"IN") -> IN
A197: 188 | B197: WIR-ARCH-188 | C197: 0 | E197: k05 | F197: Inspection of the 2ND fix of CEMENT board | K197: UR | O197: =HYPERLINK(CONCATENATE("Project Name\01- Inspection Request - IR\STR\",B197,"-",C197,".PDF"),"IN") -> IN
A198: 189 | B198: WIR-ARCH-189 | C198: 0 | E198: k06 | F198: Inspection of the first fix of CEMENT board | K198: UR | O198: =HYPERLINK(CONCATENATE("Project Name\01- Inspection Request - IR\STR\",B198,"-",C198,".PDF"),"IN") -> IN
A199: 190 | B199: WIR-ARCH-190 | C199: 0 | E199: k06 | F199: Inspection of the 2ND fix of CEMENT board | K199: UR | O199: =HYPERLINK(CONCATENATE("Project Name\01- Inspection Request - IR\STR\",B199,"-",C199,".PDF"),"IN") -> IN
... A297: 288 | B297: WIR-ARCH-288 | C297: 0 | E297: Q-C15 | F297: Inspection of the 2ND fix of gepsumboard | K297: UR | O297: =HYPERLINK(CONCATENATE("Project Name\01- Inspection Request - IR\STR\",B297,"-",C297,".PDF"),"IN") -> IN
A298: 289 | B298: WIR-ARCH-289 | O298: =HYPERLINK(CONCATENATE("Project Name\01- Inspection Request - IR\STR\",B298,"-",C298,".PDF"),"IN") -> IN
A299: 290 | B299: WIR-ARCH-290 | O299: =HYPERLINK(CONCATENATE("Project Name\01- Inspection Request - IR\STR\",B299,"-",C299,".PDF"),"IN") -> IN
A300: 291 | B300: WIR-ARCH-291 | C300: 0 | O300: =HYPERLINK(CONCATENATE("Project Name\01- Inspection Request - IR\STR\",B300,"-",C300,".PDF"),"IN") -> IN
A301: 292 | B301: WIR-ARCH-292 | C301: 0 | O301: =HYPERLINK(CONCATENATE("Project Name\01- Inspection Request - IR\STR\",B301,"-",C301,".PDF"),"IN") -> IN
A302: 293 | B302: WIR-ARCH-293 | C302: 0 | O302: =HYPERLINK(CONCATENATE("Project Name\01- Inspection Request - IR\STR\",B302,"-",C302,".PDF"),"IN") -> IN
A303: 294 | B303: WIR-ARCH-294 | C303: 0 | O303: =HYPERLINK(CONCATENATE("Project Name\01- Inspection Request - IR\STR\",B303,"-",C303,".PDF"),"IN") -> IN
A304: 295 | B304: WIR-ARCH-295 | C304: 0 | O304: =HYPERLINK(CONCATENATE("Project Name\01- Inspection Request - IR\STR\",B304,"-",C304,".PDF"),"IN") -> IN
A305: 296 | B305: WIR-ARCH-296 | C305: 0 | O305: =HYPERLINK(CONCATENATE("Project Name\01- Inspection Request - IR\STR\",B305,"-",C305,".PDF"),"IN") -> IN
A306: 297 | B306: WIR-ARCH-297 | C306: 0 | O306: =HYPERLINK(CONCATENATE("Project Name\01- Inspection Request - IR\STR\",B306,"-",C306,".PDF"),"IN") -> IN
...

Sheet ELEC
A1: Inspection Request - ELEC | K1: A | L1: Approved | N1: Date: | O1: =TODAY() -> 46114
K2: B | L2: Approved with notes
K3: C | L3: Reject & Resubmit
K4: CC | L4: Not Resubmitted
K5: UR | L5: Under Review
A6: DOCUMENT REFERENCE NO | D6: Element | E6: Location | F6: DESCRIPTION | G6: Attachment | I6: Outgoing to Consultant | K6: Code Action | L6: Status | M6: Progress | N6: Over Duration | O6: scan | P6: Attachement
A7: No. | B7: Reference | C7: REV | G7: Dwg | H7: Report | I7: Submission date | J7: Received Date
A9: 1 | B9: WIR-ELEC-001 | C9: 0 | D9: Electrical | F9: Closing NCR 002 | I9: 46012 | J9: 46016 | K9: B | O9: =HYPERLINK(CONCATENATE("Project Name\01- Inspection Request - IR\STR\",B9,"-",C9,".PDF"),"IN") -> IN
A10: 2 | B10: WIR-ELEC-002 | C10: 0 | D10: Electrical | F10: Closing NCR 003 | I10: 46012 | J10: 46018 | K10: B | O10: =HYPERLINK(CONCATENATE("Project Name\01- Inspection Request - IR\STR\",B10,"-",C10,".PDF"),"IN") -> IN
A11: 3 | B11: WIR-ELEC-003 | C11: 0 | D11: Electrical | F11: Closing NCR 004 | I11: 46014 | J11: 46016 | K11: B | O11: =HYPERLINK(CONCATENATE("Project Name\01- Inspection Request - IR\STR\",B11,"-",C11,".PDF"),"IN") -> IN
A12: 4 | B12: WIR-ELEC-004 | C12: 0 | D12: Electrical | F12: Inspection of sleeves for power cable and low current cable | I12: 46035 | J12: 46037 | K12: C
A13: 5 | B13: WIR-ELEC-005 | C13: 0 | D13: Electrical | F13: Inspection of first fix for power lighting, low current(Wall celing | I13: 46035 | J13: 46037 | K13: C
A14: 6 | B14: WIR-ELEC-006 | C14: 0 | D14: Electrical | F14: Inspection of wire pulling for lighting and power | I14: 46035 | J14: 46037 | K14: C
A15: 7 | B15: WIR-ELEC-007 | C15: 0 | D15: Electrical | F15: Inspection of installation of lighting fixtures | I15: 46035 | J15: 46037 | K15: C
A16: 8 | B16: WIR-ELEC-008 | C16: 0 | D16: Electrical | F16: Inspection of installation of lighting switches & power sockets | I16: 46035 | J16: 46037 | K16: C
A17: 9 | B17: WIR-ELEC-009 | C17: 0 | D17: Electrical | F17: Inspction of fire alaram cable pulling | I17: 46035 | J17: 46037 | K17: C
A18: 10 | B18: WIR-ELEC-010 | C18: 0 | D18: Electrical | F18: Inspection of installation of fire alaram devices | I18: 46035 | J18: 46037 | K18: C
A19: 11 | B19: WIR-ELEC-011 | C19: 0 | D19: Electrical | F19: Inspection of fire alaram panel imnstallation | I19: 46035 | J19: 46035 | K19: D
A20: 12 | B20: WIR-ELEC-012 | C20: 0 | D20: Electrical | F20: Inspection of fire alaram testing | I20: 46035 | J20: 46037 | K20: C | O20: =HYPERLINK(CONCATENATE("Project Name\01- Inspection Request - IR\STR\",B20,"-",C20,".PDF"),"IN") -> IN | P20: 3-1 | Q20: 17-0
A21: 13 | B21: WIR-ELEC-013 | C21: 0 | D21: Electrical | F21: Inspection of lighting fixtures testing | I21: 46035 | J21: 46037 | K21: C | O21: =HYPERLINK(CONCATENATE("Project Name\01- Inspection Request - IR\STR\",B21,"-",C21,".PDF"),"IN") -> IN | P21: 3-1 | Q21: 17-0 | R21: 18-0
A22: 14 | B22: WIR-ELEC-014 | C22: 0 | D22: Electrical | F22: Inspection of distribution board testing | I22: 46035 | J22: 46037 | K22: C | O22: =HYPERLINK(CONCATENATE("Project Name\01- Inspection Request - IR\STR\",B22,"-",C22,".PDF"),"IN") -> IN | P22: 17-0 | Q22: 18-0
A23: 15 | B23: WIR-ELEC-015 | C23: 0 | D23: Electrical | F23: NCR CLOSING 019 | I23: 46068 | J23: 15/2/2026 | K23: C | O23: =HYPERLINK(CONCATENATE("Project Name\01- Inspection Request - IR\STR\",B23,"-",C23,".PDF"),"IN") -> IN | P23: 18-0
B24: WIR-ELEC-015 | C24: 1 | D24: Electrical | F24: NCR CLOSING 019 | K24: UR
A25: 16 | B25: WIR-ELEC-016 | C25: 0 | D25: Electrical | F25: NCR CLOSING 005 | I25: 46068 | J25: 46070 | K25: C | O25: =HYPERLINK(CONCATENATE("Project Name\01- Inspection Request - IR\STR\",B25,"-",C25,".PDF"),"IN") -> IN | P25: 17-0 | Q25: 18-0
B26: WIR-ELEC-016 | C26: 1 | D26: Electrical | F26: NCR CLOSING 005 | I26: 46068 | J26: 46072 | K26: C
A27: 17 | B27: WIR-ELEC-017 | C27: 0 | D27: Electrical | F27: NCR CLOSING 020 | I27: 46068 | J27: 15/2/2026 | K27: C | O27: =HYPERLINK(CONCATENATE("Project Name\01- Inspection Request - IR\STR\",B27,"-",C27,".PDF"),"IN") -> IN | P27: 4-1
A28: 18 | B28: WIR-ELEC-018 | C28: 0 | D28: Electrical | F28: NCR CLOSING 018 | I28: 46068 | J28: 46072 | K28: B | O28: =HYPERLINK(CONCATENATE("Project Name\01- Inspection Request - IR\STR\",B28,"-",C28,".PDF"),"IN") -> IN
A29: 19 | B29: WIR-ELEC-019 | C29: 0 | D29: Electrical | F29: NCR CLOSING 001 | I29: 46068 | J29: 15/2/2026 | K29: C | O29: =HYPERLINK(CONCATENATE("Project Name\01- Inspection Request - IR\STR\",B29,"-",C29,".PDF"),"IN") -> IN | P29: 4-1
A30: 20 | B30: WIR-ELEC-020 | C30: 0 | D30: Electrical | F30: NCR CLOSING 013 | I30: 46068 | J30: 46072 | K30: B | O30: =HYPERLINK(CONCATENATE("Project Name\01- Inspection Request - IR\STR\",B30,"-",C30,".PDF"),"IN") -> IN
A31: 21 | B31: WIR-ELEC-021 | C31: 0 | D31: Electrical | F31: NCR CLOSING 016 | I31: 46068 | J31: 46094 | K31: B | O31: =HYPERLINK(CONCATENATE("Project Name\01- Inspection Request - IR\STR\",B31,"-",C31,".PDF"),"IN") -> IN | P31: 18-0
A32: 22 | B32: WIR-ELEC-022 | C32: 0 | D32: Electrical | F32: NCR CLOSING 008 | I32: 46068 | J32: 46083 | K32: B | O32: =HYPERLINK(CONCATENATE("Project Name\01- Inspection Request - IR\STR\",B32,"-",C32,".PDF"),"IN") -> IN | P32: 17-0
A33: 23 | B33: WIR-ELEC-023 | C33: 0 | D33: Electrical | F33: NCR CLOSING 007 | I33: 46068 | J33: 46077 | K33: B | O33: =HYPERLINK(CONCATENATE("Project Name\01- Inspection Request - IR\STR\",B33,"-",C33,".PDF"),"IN") -> IN
A34: 24 | B34: WIR-ELEC-024 | C34: 0 | D34: Electrical | F34: NCR CLOSING 017 | I34: 46068 | J34: 46077 | K34: B | O34: =HYPERLINK(CONCATENATE("Project Name\01- Inspection Request - IR\STR\",B34,"-",C34,".PDF"),"IN") -> IN
A35: 25 | B35: WIR-ELEC-025 | C35: 0 | D35: Electrical | F35: NCR CLOSING 015 | I35: 46068 | J35: 46077 | K35: B | O35: =HYPERLINK(CONCATENATE("Project Name\01- Inspection Request - IR\STR\",B35,"-",C35,".PDF"),"IN") -> IN
A36: 26 | B36: WIR-ELEC-026 | C36: 0 | D36: Electrical | F36: NCR CLOSING 021 | I36: 31/3/2026 | K36: UR | O36: =HYPERLINK(CONCATENATE("Project Name\01- Inspection Request - IR\STR\",B36,"-",C36,".PDF"),"IN") -> IN | P36: 18-0
A37: 27 | B37: WIR-ELEC-027 | C37: 0 | D37: Electrical | F37: INSPACTION OF FIRST FIX OF LIGHTING,POWER SYSTEM INSTALLATION OF DB ENCLOSURE | I37: 46070 | J37: 46076 | K37: B | O37: =HYPERLINK(CONCATENATE("Project Name\01- Inspection Request - IR\STR\",B37,"-",C37,".PDF"),"IN") -> IN | P37: 17-0 | Q37: 18-0
A38: 28 | B38: WIR-ELEC-028 | C38: 0 | D38: Electrical | F38: INSTALTION OF ERTHING SYSTEM (CABLE POLLING ) ,ERTHING RODS ,PITS | I38: 46070 | K38: C | O38: =HYPERLINK(CONCATENATE("Project Name\01- Inspection Request - IR\STR\",B38,"-",C38,".PDF"),"IN") -> IN | P38: 4-1
A39: 29 | B39: WIR-ELEC-029 | C39: 0 | D39: Electrical | F39: INSPACTION OF WIRE PULLING | I39: 46070 | J39: 46076 | K39: B | O39: =HYPERLINK(CONCATENATE("Project Name\01- Inspection Request - IR\STR\",B39,"-",C39,".PDF"),"IN") -> IN | P39: 4-1
A40: 30 | B40: WIR-ELEC-030 | C40: 0 | D40: Electrical | F40: INSTALTION OF ERTHING SYSTEM (CABLE POLLING ) ,ERTHING RODS ,PITS | I40: 46070 | J40: 46076 | K40: C | O40: =HYPERLINK(CONCATENATE("Project Name\01- Inspection Request - IR\STR\",B40,"-",C40,".PDF"),"IN") -> IN | P40: 4-1
A41: 31 | B41: WIR-ELEC-031 | C41: 0 | D41: Electrical | E41: Q-VF(01-02-03-04-05) Q-VS (1 - 2-3-4-5-6-7-8-0) | F41: INSPACTION OF TERMINATION OF DB , INSTALLTION AND TERMINATION OF LIGHTING FITTINGS & WIRING ACCESSORIES | I41: 46070 | J41: 46076 | K41: B | O41: =HYPERLINK(CONCATENATE("Project Name\01- Inspection Request - IR\STR\",B41,"-",C41,".PDF"),"IN") -> IN | P41: 4-1
A42: 32 | B42: WIR-ELEC-032 | C42: 0 | D42: Electrical | E42: zone 4 q-fa01- q-r03 | F42: INSPACTION OF WIRE PULLING | I42: 46070 | J42: 46076 | K42: B | O42: =HYPERLINK(CONCATENATE("Project Name\01- Inspection Request - IR\STR\",B42,"-",C42,".PDF"),"IN") -> IN | P42: 18-0
A43: 33 | B43: WIR-ELEC-033 | C43: 0 | D43: Electrical | F43: INSPACTION OF TERMINATION OF DB , INSTALLTION AND TERMINATION OF LIGHTING FITTINGS & WIRING ACCESSORIES | I43: 46070 | J43: 46076 | K43: B | O43: =HYPERLINK(CONCATENATE("Project Name\01- Inspection Request - IR\STR\",B43,"-",C43,".PDF"),"IN") -> IN | P43: 17-0
A44: 34 | B44: WIR-ELEC-034 | C44: 0 | D44: Electrical | E44: zone 4 q-fa01- q-r03 | F44: INSTALTION OF ERTHING SYSTEM (CABLE POLLING ) ,ERTHING RODS ,PITS | I44: 46070 | J44: 46076 | K44: B | O44: =HYPERLINK(CONCATENATE("Project Name\01- Inspection Request - IR\STR\",B44,"-",C44,".PDF"),"IN") -> IN | P44: 3-1 | Q44: 17-0
A45: 35 | B45: WIR-ELEC-035 | C45: 0 | D45: Electrical | E45: Q+GA(01-02-03-04-05-06-07-08-09-10-11) | F45: INSPACTION OF FIRST FIX OF LIGHTING,POWER SYSTEM INSTALLATION OF DB ENCLOSURE | K45: UR
A46: 36 | B46: WIR-ELEC-036 | C46: 0 | D46: Electrical | E46: Q+GA(01-02-03-04-05-06-07-08-09-10-11) | F46: INSPACTION OF WIRE PULLING | K46: UR
A47: 37 | B47: WIR-ELEC-037 | C47: 0 | D47: Electrical | E47: Q+GA(01-02-03-04-05-06-07-08-09-10-11) | F47: INSPACTION OF TERMINATION OF DB , INSTALLTION AND TERMINATION OF LIGHTING FITTINGS & WIRING ACCESSORIES | K47: UR
A48: 38 | B48: WIR-ELEC-038 | C48: 0 | D48: Electrical | E48: Q+GA(01-02-03-04-05-06-07-08-09-10-11) | F48: INSTALTION OF ERTHING SYSTEM (CABLE POLLING ) ,ERTHING RODS ,PITS | K48: UR
A49: 39 | B49: WIR-ELEC-39 | C49: 0 | D49: Electrical | F49: INSPACTION OF FIRST FIX OF LIGHTING,POWER SYSTEM INSTALLATION OF DB ENCLOSURE | I49: 46091 | J49: 46091 | K49: B | O49: =HYPERLINK(CONCATENATE("Project Name\01- Inspection Request - IR\STR\",B49,"-",C49,".PDF"),"IN") -> IN | P49: 3-1 | Q49: 17-0 | R49: 18-0
A50: 40 | B50: WIR-ELEC-40 | C50: 0 | D50: Electrical | E50: Q-VF(06-07-08-09-10) | F50: INSPACTION OF WIRE PULLING | I50: 46091 | J50: 46091 | K50: B | O50: =HYPERLINK(CONCATENATE("Project Name\01- Inspection Request - IR\STR\",B50,"-",C50,".PDF"),"IN") -> IN | P50: 17-0 | Q50: 18-0
A51: 41 | B51: WIR-ELEC-41 | C51: 0 | D51: Electrical | E51: Q-VF(06-07-08-09-10) | F51: INSPACTION OF TERMINATION OF DB , INSTALLTION AND TERMINATION OF LIGHTING FITTINGS & WIRING ACCESSORIES | I51: 46091 | J51: 46091 | K51: B | O51: =HYPERLINK(CONCATENATE("Project Name\01- Inspection Request - IR\STR\",B51,"-",C51,".PDF"),"IN") -> IN | P51: 18-0
A52: 42 | B52: WIR-ELEC-42 | C52: 0 | D52: Electrical | E52: Q-VF(06-07-08-09-10) | F52: INSTALTION OF ERTHING SYSTEM (CABLE POLLING ) ,ERTHING RODS ,PITS | I52: 46091 | J52: 46091 | K52: C | O52: =HYPERLINK(CONCATENATE("Project Name\01- Inspection Request - IR\STR\",B52,"-",C52,".PDF"),"IN") -> IN | P52: 17-0 | Q52: 18-0
A53: 43 | B53: WIR-ELEC-43 | C53: 0 | D53: Electrical | E53: Q-VS(10-11-12-13-14-15-16-17) | F53: INSPACTION OF FIRST FIX OF LIGHTING,POWER SYSTEM INSTALLATION OF DB ENCLOSURE | I53: 46091 | J53: 46091 | K53: B | O53: =HYPERLINK(CONCATENATE("Project Name\01- Inspection Request - IR\STR\",B53,"-",C53,".PDF"),"IN") -> IN | P53: 4-1
A54: 44 | B54: WIR-ELEC-44 | C54: 0 | D54: Electrical | E54: Q-VS(10-11-12-13-14-15-16-17) | F54: INSPACTION OF WIRE PULLING | I54: 46091 | J54: 46091 | K54: B | O54: =HYPERLINK(CONCATENATE("Project Name\01- Inspection Request - IR\STR\",B54,"-",C54,".PDF"),"IN") -> IN | P54: 4-1
A55: 45 | B55: WIR-ELEC-45 | C55: 0 | D55: Electrical | E55: Q-VS(10-11-12-13-14-15-16-17) | F55: INSPACTION OF TERMINATION OF DB , INSTALLTION AND TERMINATION OF LIGHTING FITTINGS & WIRING ACCESSORIES | I55: 46091 | J55: 46091 | K55: B | O55: =HYPERLINK(CONCATENATE("Project Name\01- Inspection Request - IR\STR\",B55,"-",C55,".PDF"),"IN") -> IN | P55: 4-1
A56: 46 | B56: WIR-ELEC-46 | C56: 0 | D56: Electrical | E56: Q-VS(10-11-12-13-14-15-16-17) | F56: INSTALTION OF ERTHING SYSTEM (CABLE POLLING ) ,ERTHING RODS ,PITS | I56: 46091 | J56: 46091 | K56: C | O56: =HYPERLINK(CONCATENATE("Project Name\01- Inspection Request - IR\STR\",B56,"-",C56,".PDF"),"IN") -> IN | P56: 4-1
A57: 47 | B57: WIR-ELEC-47 | C57: 0 | D57: Electrical | E57: Q-FA02 | F57: INSPACTION OF FIRST FIX OF LIGHTING,POWER SYSTEM INSTALLATION OF DB ENCLOSURE | I57: 46091 | J57: 46091 | K57: B | O57: =HYPERLINK(CONCATENATE("Project Name\01- Inspection Request - IR\STR\",B57,"-",C57,".PDF"),"IN") -> IN | P57: 18-0
A58: 48 | B58: WIR-ELEC-48 | C58: 0 | D58: Electrical | E58: Q-FA02 | F58: INSPACTION OF WIRE PULLING | I58: 46091 | J58: 46091 | K58: B | O58: =HYPERLINK(CONCATENATE("Project Name\01- Inspection Request - IR\STR\",B58,"-",C58,".PDF"),"IN") -> IN | P58: 17-0
A59: 49 | B59: WIR-ELEC-49 | C59: 0 | D59: Electrical | E59: Q-FA02 | F59: INSPACTION OF TERMINATION OF DB , INSTALLTION AND TERMINATION OF LIGHTING FITTINGS & WIRING ACCESSORIES | I59: 46091 | J59: 46091 | K59: B | O59: =HYPERLINK(CONCATENATE("Project Name\01- Inspection Request - IR\STR\",B59,"-",C59,".PDF"),"IN") -> IN | P59: 3-1 | Q59: 17-0
A60: 50 | B60: WIR-ELEC-50 | C60: 0 | D60: Electrical | E60: Q-FA02 | F60: INSTALTION OF ERTHING SYSTEM (CABLE POLLING ) ,ERTHING RODS ,PITS | I60: 46091 | J60: 46091 | K60: C | O60: =HYPERLINK(CONCATENATE("Project Name\01- Inspection Request - IR\STR\",B60,"-",C60,".PDF"),"IN") -> IN | P60: 3-1 | Q60: 17-0 | R60: 18-0
A61: 51 | B61: WIR-ELEC-51 | C61: 0 | D61: Electrical | E61: Q-R04 | F61: INSPACTION OF FIRST FIX OF LIGHTING,POWER SYSTEM INSTALLATION OF DB ENCLOSURE | I61: 46091 | J61: 46091 | K61: B | O61: =HYPERLINK(CONCATENATE("Project Name\01- Inspection Request - IR\STR\",B61,"-",C61,".PDF"),"IN") -> IN | P61: 17-0 | Q61: 18-0
A62: 52 | B62: WIR-ELEC-52 | C62: 0 | D62: Electrical | E62: Q-R04 | F62: INSPACTION OF WIRE PULLING | I62: 46091 | J62: 46091 | K62: B | O62: =HYPERLINK(CONCATENATE("Project Name\01- Inspection Request - IR\STR\",B62,"-",C62,".PDF"),"IN") -> IN | P62: 18-0
A63: 53 | B63: WIR-ELEC-53 | C63: 0 | D63: Electrical | E63: Q-R04 | F63: INSPACTION OF TERMINATION OF DB , INSTALLTION AND TERMINATION OF LIGHTING FITTINGS & WIRING ACCESSORIES | I63: 46091 | J63: 46091 | K63: B | O63: =HYPERLINK(CONCATENATE("Project Name\01- Inspection Request - IR\STR\",B63,"-",C63,".PDF"),"IN") -> IN | P63: 17-0 | Q63: 18-0
A64: 54 | B64: WIR-ELEC-54 | C64: 0 | D64: Electrical | E64: Q-R04 | F64: INSTALTION OF ERTHING SYSTEM (CABLE POLLING ) ,ERTHING RODS ,PITS | I64: 46091 | J64: 46091 | K64: B | O64: =HYPERLINK(CONCATENATE("Project Name\01- Inspection Request - IR\STR\",B64,"-",C64,".PDF"),"IN") -> IN | P64: 4-1
A65: 55 | B65: WIR-ELEC-55 | C65: 0 | D65: Electrical | E65: Q-WC02 | F65: INSPACTION OF FIRST FIX OF LIGHTING,POWER SYSTEM INSTALLATION OF DB ENCLOSURE | I65: 46097 | J65: 46097 | K65: B | O65: =HYPERLINK(CONCATENATE("Project Name\01- Inspection Request - IR\STR\",B65,"-",C65,".PDF"),"IN") -> IN | P65: 4-1
A66: 56 | B66: WIR-ELEC-56 | C66: 0 | D66: Electrical | E66: Q-WC02 | F66: INSPACTION OF WIRE PULLING | I66: 46097 | J66: 46097 | K66: B | O66: =HYPERLINK(CONCATENATE("Project Name\01- Inspection Request - IR\STR\",B66,"-",C66,".PDF"),"IN") -> IN | P66: 4-1
A67: 57 | B67: WIR-ELEC-57 | C67: 0 | D67: Electrical | E67: Q-WC02 | F67: INSPACTION OF TERMINATION OF DB , INSTALLTION AND TERMINATION OF LIGHTING FITTINGS & WIRING ACCESSORIES | I67: 46097 | J67: 46097 | K67: B | O67: =HYPERLINK(CONCATENATE("Project Name\01- Inspection Request - IR\STR\",B67,"-",C67,".PDF"),"IN") -> IN | P67: 4-1
A68: 58 | B68: WIR-ELEC-58 | C68: 0 | D68: Electrical | E68: Q-WC02 | F68: INSTALTION OF ERTHING SYSTEM (CABLE POLLING ) ,ERTHING RODS ,PITS | I68: 46097 | J68: 46097 | K68: C | O68: =HYPERLINK(CONCATENATE("Project Name\01- Inspection Request - IR\STR\",B68,"-",C68,".PDF"),"IN") -> IN | P68: 18-0
A69: 59 | B69: WIR-ELEC-59 | C69: 0 | D69: Electrical | E69: Q-WC01 | F69: INSPACTION OF FIRST FIX OF LIGHTING,POWER SYSTEM INSTALLATION OF DB ENCLOSURE | I69: 46097 | J69: 46097 | K69: B | O69: =HYPERLINK(CONCATENATE("Project Name\01- Inspection Request - IR\STR\",B69,"-",C69,".PDF"),"IN") -> IN | P69: 17-0
A70: 60 | B70: WIR-ELEC-60 | C70: 0 | D70: Electrical | E70: Q-WC01 | F70: INSPACTION OF WIRE PULLING | I70: 46097 | J70: 46097 | K70: B | O70: =HYPERLINK(CONCATENATE("Project Name\01- Inspection Request - IR\STR\",B70,"-",C70,".PDF"),"IN") -> IN | P70: 3-1 | Q70: 17-0
A71: 61 | B71: WIR-ELEC-61 | C71: 0 | D71: Electrical | E71: Q-WC01 | F71: INSPACTION OF TERMINATION OF DB , INSTALLTION AND TERMINATION OF LIGHTING FITTINGS & WIRING ACCESSORIES | I71: 46097 | J71: 46097 | K71: B | O71: =HYPERLINK(CONCATENATE("Project Name\01- Inspection Request - IR\STR\",B71,"-",C71,".PDF"),"IN") -> IN | P71: 3-1 | Q71: 17-0 | R71: 18-0
A72: 62 | B72: WIR-ELEC-62 | C72: 0 | D72: Electrical | E72: Q-WC01 | F72: INSTALTION OF ERTHING SYSTEM (CABLE POLLING ) ,ERTHING RODS ,PITS | I72: 46097 | J72: 46097 | K72: C | O72: =HYPERLINK(CONCATENATE("Project Name\01- Inspection Request - IR\STR\",B72,"-",C72,".PDF"),"IN") -> IN | P72: 17-0 | Q72: 18-0
A73: 63 | B73: WIR-ELEC-63 | C73: 0 | D73: Electrical | F73: CLOSING NCR-006 | I73: 46097 | K73: UR | O73: =HYPERLINK(CONCATENATE("Project Name\01- Inspection Request - IR\STR\",#REF!,"-",C73,".PDF"),"IN") -> #REF! | P73: 18-0
A74: 64 | B74: WIR-ELEC-64 | C74: 0 | D74: Electrical | F74: CLOSING NCR-020 | I74: 16/3/2026 | J74: 46097 | K74: C | O74: =HYPERLINK(CONCATENATE("Project Name\01- Inspection Request - IR\STR\",B74,"-",C74,".PDF"),"IN") -> IN | P74: 17-0 | Q74: 18-0
B75: WIR-ELEC-64 | C75: 1 | D75: Electrical | F75: CLOSING NCR-020 | I75: 46112 | K75: UR
A76: 65 | B76: WIR-ELEC-65 | C76: 0 | D76: Electrical | F76: CLOSING NCR-010 | I76: 18/3/2026 | J76: 26/3/2026 | K76: B | O76: =HYPERLINK(CONCATENATE("Project Name\01- Inspection Request - IR\STR\",B76,"-",C76,".PDF"),"IN") -> IN | P76: 4-1
A77: 66 | B77: WIR-ELEC-66 | C77: 0 | D77: Electrical | F77: CLOSING NCR-011 | I77: 18/3/2026 | J77: 26/3/2026 | K77: B | O77: =HYPERLINK(CONCATENATE("Project Name\01- Inspection Request - IR\STR\",B77,"-",C77,".PDF"),"IN") -> IN | P77: 4-1
A78: 67 | B78: WIR-ELEC-67 | C78: 0 | D78: Electrical | F78: CLOSING NCR-012 | I78: 18/3/2026 | J78: 26/3/2026 | K78: B | O78: =HYPERLINK(CONCATENATE("Project Name\01- Inspection Request - IR\STR\",B78,"-",C78,".PDF"),"IN") -> IN | P78: 4-1
A79: 68 | B79: WIR-ELEC-68 | C79: 0 | D79: Electrical | F79: CLOSING NCR-012 | I79: 18/3/2026 | J79: 46107 | K79: B | O79: =HYPERLINK(CONCATENATE("Project Name\01- Inspection Request - IR\STR\",B79,"-",C79,".PDF"),"IN") -> IN | P79: 4-1
A80: 69 | B80: WIR-ELEC-69 | C80: 0 | D80: Electrical | F80: CLOSING NCR-014 | I80: 18/3/2026 | J80: 46107 | K80: B | O80: =HYPERLINK(CONCATENATE("Project Name\01- Inspection Request - IR\STR\",B80,"-",C80,".PDF"),"IN") -> IN | P80: 18-0
A81: 70 | B81: WIR-ELEC-70 | C81: 0 | D81: Electrical | E81: CAMEL STATION | F81: This request is to review and comment on the following INSPECTION OF INSTALLATION OF 1 FIX OF FIRE ALARM SYSTEM . | I81: 25/3/2026 | J81: 46109 | K81: B | O81: =HYPERLINK(CONCATENATE("Project Name\01- Inspection Request - IR\STR\",B81,"-",C81,".PDF"),"IN") -> IN | P81: 17-0
A82: 71 | B82: WIR-ELEC-71 | C82: 0 | D82: Electrical | E82: CAMEL STATION | F82: This request is to review and comment on the following INSPECTION OF WIRE PULLING OF LIGHTING AND POWER SYSTEM . | I82: 25/3/2026 | J82: 46109 | K82: B | O82: =HYPERLINK(CONCATENATE("Project Name\01- Inspection Request - IR\STR\",B82,"-",C82,".PDF"),"IN") -> IN | P82: 3-1 | Q82: 17-0
A83: 72 | B83: WIR-ELEC-72 | C83: 0 | D83: Electrical | E83: CAMEL STATION | F83: This request is to review and comment on the following INSPECTION OF INSTALLATION OF 2 FIX OF FIRE ALARM SYSTEM . | I83: 25/3/2026 | J83: 46109 | K83: B
A84: 73 | B84: WIR-ELEC-73 | C84: 0 | D84: Electrical | E84: CAMEL STATION | F84: This request is to review and comment on the following INSPECTION OF INSTALLATION OF 3 FIX OF FIRE ALARM SYSTEM . | I84: 25/3/2026 | J84: 46109 | K84: B
A85: 74 | B85: WIR-ELEC-74 | C85: 0 | D85: Electrical | E85: CAMEL STATION | F85: This request is to review and comment on the following INSPECTION OF TERMINATION OF DB , INSTALLTION AND TERMINATION OF LIGHTING FITTINGS & WIRING ACCESSORIES | I85: 25/3/2026 | J85: 46109 | K85: B
A86: 75 | B86: WIR-ELEC-75 | C86: 0 | D86: Electrical | E86: CAMEL STATION | F86: This request is to review and comment on the following INSTALATION OF ERTHING SYSTEM (CABLE POLLING ) ,ERTHING RODS ,PITS AND LIGHTNING SYSTEM . | I86: 25/3/2026 | J86: 46111 | K86: B
A87: 76 | B87: WIR-ELEC-76 | C87: 0 | D87: Electrical | E87: CAMEL STATION | F87: This request is to review and comment on the following INSPECTION OF INSTALLATION OF FIRST FIX OF LIGHTING,POWER SYSTEM INSTALLATION OF DB ENCLOSURE . | I87: 25/3/2026 | K87: UR
A88: 77 | B88: WIR-ELEC-77 | C88: 0 | D88: Electrical | E88: Q-K05/ Q-K06 / Q-K18/ Q-K19 | F88: This request is to review and comment on the following INSPECTION OF FIRST FIX OF LIGHTING,POWER SYSTEM INSTALLATION OF DB ENCLOSURE | I88: 25/3/2026 | J88: 46109 | K88: B
A89: 78 | B89: WIR-ELEC-78 | C89: 0 | D89: Electrical | E89: Q-K05/ Q-K06 / Q-K18/ Q-K19 | F89: This request is to review and comment on the following INSPECTION OF INSTALLATION OF 1 FIX OF LOW CURRENT SYSTEM AND FIRE ALARM SYSTEM . | I89: 25/3/2026 | J89: 46109 | K89: B
A90: 79 | B90: WIR-ELEC-79 | C90: 0 | D90: Electrical | E90: Q-K05/ Q-K06 / Q-K18/ Q-K19 | F90: This request is to review and comment on the following INSPECTION OF INSTALLATION OF WIRE PULLING OF LIGHTING AND POWER SYSTEM . | I90: 25/3/2026 | J90: 46109 | K90: B
A91: 80 | B91: WIR-ELEC-80 | C91: 0 | D91: Electrical | E91: Q-K05/ Q-K06 / Q-K18/ Q-K19 | F91: This request is to review and comment on the following INSPECTION OF INSTALLATION 2 FIX OF FIRE ALARM SYSTEM . | I91: 25/3/2026 | J91: 46109 | K91: B
A92: 81 | B92: WIR-ELEC-81 | C92: 0 | D92: Electrical | E92: Q-K05/ Q-K06 / Q-K18/ Q-K19 | F92: This request is to review and comment on the following INSPECTION OFINSTALLATION OF 3 FIX OF FIRE ALARM SYSTEM . | I92: 25/3/2026 | J92: 46111 | K92: B
A93: 82 | B93: WIR-ELEC-82 | C93: 0 | D93: Electrical | E93: Q-K05/ Q-K06 / Q-K18/ Q-K19 | F93: This request is to review and comment on the following INSPECTION OF TERMINATION OF DB , INSTALLTION AND TERMINATION OF LIGHTING FITTINGS & WIRING ACCESSORIES | I93: 25/3/2026 | J93: 46109 | K93: B
A94: 83 | B94: WIR-ELEC-83 | C94: 0 | D94: Electrical | E94: Q-K05/ Q-K06 / Q-K18/ Q-K19 | F94: This request is to review and comment on the following INSPECTION OF INSTALLATION OF ERTHING SYSTEM (CABLE POLLING ) ,ERTHING RODS ,PITS AND LIGHTNING SYSTEM . | I94: 25/3/2026 | K94: UR
A95: 84 | B95: WIR-ELEC-84 | C95: 0 | D95: Electrical | E95: Q-K7 /Q-K20 | F95: Inspection of installation of 1 fix of low current system and fire alarm system | I95: 25/3/2026 | J95: 46109 | K95: B
A96: 85 | B96: WIR-ELEC-85 | C96: 0 | D96: Electrical | E96: Q-K7 /Q-K20 | F96: Inspection of installation 2 fix of fire alaram system | I96: 25/3/2026 | J96: 46109 | K96: B
A97: 86 | B97: WIR-ELEC-86 | C97: 0 | D97: Electrical | E97: Q-K7 /Q-K20 | F97: Inspection of installation of 3 fix of fire alarm system | I97: 25/3/2026 | J97: 46111 | K97: B
A98: 87 | B98: WIR-ELEC-87 | C98: 0 | D98: Electrical | E98: Q-K7 /Q-K20 | F98: This request is to review and comment on the following INSTELTION OF ERTHING SYSTEM (CABLE POLLING ) ,ERTHING RODS ,PITS AND Lightning System . | I98: 25/3/2026 | K98: UR
A99: 88 | B99: WIR-ELEC-88 | C99: 0 | D99: Electrical | E99: Q-K7 /Q-K20 | F99: Inspection of installation of first fix of lighting power system installation of DB Enclouser | I99: 25/3/2026 | J99: 46109 | K99: B
A100: 89 | B100: WIR-ELEC-89 | C100: 0 | D100: Electrical | E100: Q-K7 /Q-K20 | F100: Inspection of installation wore pulling of lighting and power system | I100: 25/3/2026 | J100: 46109 | K100: B
A101: 90 | B101: WIR-ELEC-90 | C101: 0 | D101: Electrical | E101: Q-K7 /Q-K20 | F101: Inspection of terminatation of DB, installation and termination lighting fittings & wiring accessories | I101: 25/3/2026 | J101: 46109 | K101: B
...

Sheet MECH
A1: Inspection Request - MECH | K1: A | L1: Approved | N1: Date: | O1: =TODAY() -> 46114
K2: B | L2: Approved with notes
K3: C | L3: Reject & Resubmit
K4: CC | L4: Not Resubmitted
K5: UR | L5: Under Review
A6: DOCUMENT REFERENCE NO | D6: Element | E6: Location | F6: DESCRIPTION | G6: Attachment | I6: Outgoing to Consultant | K6: Code Action | L6: Status | M6: Progress | N6: Over Duration | O6: scan | P6: Duration
A7: No | B7: Referance | C7: Rev | G7: Dwg | H7: Report | I7: Submission date | J7: Received Date
A8: =ROW(A1) -> 1 | B8: WIR-MECH-001 | C8: 0 | E8: Zone: 04 Building:VF-01 | F8: drainage pipes in concrete | G8: 1 | H8: 5 | I8: 45974 | J8: 45979 | K8: B | L8: =IF(K8="UR","PENDING",IF(K8="CC","OPEN","CLOSED")) -> CLOSED | M8: =IF(J8="",TODAY()-I8,J8-I8) -> 5 | N8: 0 | O8: =HYPERLINK(CONCATENATE("Project Name\01- Inspection Request - IR\STR\",B8,"-",C8,".PDF"),"IN") -> IN | P8: =IF(C8=0,I8+1,IF(C8>0,I8+1)) -> 45975
A9: =ROW(A2) -> 2 | B9: WIR-MECH-002 | C9: 0 | E9: Zone: 04 Building:VF-02 | F9: drainage pipes in concrete | G9: 1 | H9: 5 | I9: 45974 | J9: 45979 | K9: B | L9: =IF(K9="UR","PENDING",IF(K9="CC","OPEN","CLOSED")) -> CLOSED | M9: =IF(J9="",TODAY()-I9,J9-I9) -> 5 | N9: 0 | O9: =HYPERLINK(CONCATENATE("Project Name\01- Inspection Request - IR\STR\",B9,"-",C9,".PDF"),"IN") -> IN | P9: =IF(C9=0,I9+1,IF(C9>0,I9+1)) -> 45975
A10: =ROW(A3) -> 3 | B10: WIR-MECH-003 | C10: 0 | E10: Zone: 04 Building:VF-03 | F10: drainage pipes in concrete | G10: 1 | H10: 5 | I10: 45974 | J10: 45979 | K10: B | L10: =IF(K10="UR","PENDING",IF(K10="CC","OPEN","CLOSED")) -> CLOSED | M10: =IF(J10="",TODAY()-I10,J10-I10) -> 5 | N10: 0 | O10: =HYPERLINK(CONCATENATE("Project Name\01- Inspection Request - IR\STR\",B10,"-",C10,".PDF"),"IN") -> IN | P10: =IF(C10=0,I10+1,IF(C10>0,I10+1)) -> 45975
A11: =ROW(A4) -> 4 | B11: WIR-MECH-004 | C11: 0 | E11: Zone: 04 Building:VF-04 | F11: drainage pipes in concrete | G11: 1 | H11: 5 | I11: 45974 | J11: 45979 | K11: B | L11: =IF(K11="UR","PENDING",IF(K11="CC","OPEN","CLOSED")) -> CLOSED | M11: =IF(J11="",TODAY()-I11,J11-I11) -> 5 | N11: 0 | O11: =HYPERLINK(CONCATENATE("Project Name\01- Inspection Request - IR\STR\",B11,"-",C11,".PDF"),"IN") -> IN | P11: =IF(C11=0,I11+1,IF(C11>0,I11+1)) -> 45975
A12: =ROW(A5) -> 5 | B12: WIR-MECH-005 | C12: 0 | E12: Zone: 04 Building:VF-05 | F12: drainage pipes in concrete | G12: 1 | H12: 5 | I12: 45974 | J12: 45979 | K12: B | L12: =IF(K12="UR","PENDING",IF(K12="CC","OPEN","CLOSED")) -> CLOSED | M12: =IF(J12="",TODAY()-I12,J12-I12) -> 5 | N12: 0 | O12: =HYPERLINK(CONCATENATE("Project Name\01- Inspection Request - IR\STR\",B12,"-",C12,".PDF"),"IN") -> IN | P12: =IF(C12=0,I12+1,IF(C12>0,I12+1)) -> 45975
A13: =ROW(A6) -> 6 | B13: WIR-MECH-006 | C13: 0 | E13: Zone: 04 Building:VF-06 | F13: drainage pipes in concrete | G13: 1 | H13: 5 | I13: 45974 | J13: 45979 | K13: B | L13: =IF(K13="UR","PENDING",IF(K13="CC","OPEN","CLOSED")) -> CLOSED | M13: =IF(J13="",TODAY()-I13,J13-I13) -> 5 | N13: =IF(P13="",0,(IF(J13="",TODAY()-P13,IF(J13-P13>0,J13-P13,0)))) -> 0 | O13: =HYPERLINK(CONCATENATE("Project Name\01- Inspection Request - IR\STR\",B13,"-",C13,".PDF"),"IN") -> IN
A14: =ROW(A7) -> 7 | B14: WIR-MECH-007 | C14: 0 | E14: Zone: 04 Building:VF-07 | F14: drainage pipes in concrete | G14: 1 | H14: 5 | I14: 45974 | J14: 45979 | K14: B | L14: =IF(K14="UR","PENDING",IF(K14="CC","OPEN","CLOSED")) -> CLOSED | M14: =IF(J14="",TODAY()-I14,J14-I14) -> 5 | N14: =IF(P14="",0,(IF(J14="",TODAY()-P14,IF(J14-P14>0,J14-P14,0)))) -> 0 | O14: =HYPERLINK(CONCATENATE("Project Name\01- Inspection Request - IR\STR\",B14,"-",C14,".PDF"),"IN") -> IN
A15: =ROW(A8) -> 8 | B15: WIR-MECH-008 | C15: 0 | E15: Zone: 04 Building:VF-08 | F15: drainage pipes in concrete | G15: 1 | H15: 5 | I15: 45974 | J15: 45979 | K15: B | L15: =IF(K15="UR","PENDING",IF(K15="CC","OPEN","CLOSED")) -> CLOSED | M15: =IF(J15="",TODAY()-I15,J15-I15) -> 5 | N15: =IF(P15="",0,(IF(J15="",TODAY()-P15,IF(J15-P15>0,J15-P15,0)))) -> 0 | O15: =HYPERLINK(CONCATENATE("Project Name\01- Inspection Request - IR\STR\",B15,"-",C15,".PDF"),"IN") -> IN
A16: =ROW(A9) -> 9 | B16: WIR-MECH-009 | C16: 0 | E16: Zone: 04 Building:VF-09 | F16: drainage pipes in concrete | G16: 1 | H16: 5 | I16: 45978 | J16: 45979 | K16: B | L16: =IF(K16="UR","PENDING",IF(K16="CC","OPEN","CLOSED")) -> CLOSED | M16: =IF(J16="",TODAY()-I16,J16-I16) -> 1 | N16: =IF(P16="",0,(IF(J16="",TODAY()-P16,IF(J16-P16>0,J16-P16,0)))) -> 0 | O16: =HYPERLINK(CONCATENATE("Project Name\01- Inspection Request - IR\STR\",B16,"-",C16,".PDF"),"IN") -> IN
A17: =ROW(A10) -> 10 | B17: WIR-MECH-010 | C17: 0 | E17: Zone: 04 Building:VF-10 | F17: drainage pipes in concrete | G17: 1 | H17: 5 | I17: 45978 | J17: 45979 | K17: B | L17: =IF(K17="UR","PENDING",IF(K17="CC","OPEN","CLOSED")) -> CLOSED | M17: =IF(J17="",TODAY()-I17,J17-I17) -> 1 | N17: =IF(P17="",0,(IF(J17="",TODAY()-P17,IF(J17-P17>0,J17-P17,0)))) -> 0 | O17: =HYPERLINK(CONCATENATE("Project Name\01- Inspection Request - IR\STR\",B17,"-",C17,".PDF"),"IN") -> IN
A18: =ROW(A11) -> 11 | B18: WIR-MECH-011 | C18: 0 | E18: Zone: 04 Building:VS-01/VS-02 | F18: drainage pipes in concrete | G18: 1 | H18: 5 | I18: 45978 | J18: 45979 | K18: B | L18: =IF(K18="UR","PENDING",IF(K18="CC","OPEN","CLOSED")) -> CLOSED | M18: =IF(J18="",TODAY()-I18,J18-I18) -> 1 | N18: =IF(P18="",0,(IF(J18="",TODAY()-P18,IF(J18-P18>0,J18-P18,0)))) -> 0 | O18: =HYPERLINK(CONCATENATE("Project Name\01- Inspection Request - IR\STR\",B18,"-",C18,".PDF"),"IN") -> IN
A19: =ROW(A12) -> 12 | B19: WIR-MECH-012 | C19: 0 | E19: Zone: 04 Building:VS-03/VS-04 | F19: drainage pipes in concrete | G19: 1 | H19: 5 | I19: 45978 | J19: 45979 | K19: B | L19: =IF(K19="UR","PENDING",IF(K19="CC","OPEN","CLOSED")) -> CLOSED | M19: =IF(J19="",TODAY()-I19,J19-I19) -> 1 | N19: =IF(P19="",0,(IF(J19="",TODAY()-P19,IF(J19-P19>0,J19-P19,0)))) -> 0 | O19: =HYPERLINK(CONCATENATE("Project Name\01- Inspection Request - IR\STR\",B19,"-",C19,".PDF"),"IN") -> IN
A20: =ROW(A13) -> 13 | B20: WIR-MECH-013 | C20: 0 | E20: Zone: 04 Building:VS-05 | F20: drainage pipes in concrete | G20: 1 | H20: 5 | I20: 45978 | J20: 45979 | K20: B | L20: =IF(K20="UR","PENDING",IF(K20="CC","OPEN","CLOSED")) -> CLOSED | M20: =IF(J20="",TODAY()-I20,J20-I20) -> 1 | N20: =IF(P20="",0,(IF(J20="",TODAY()-P20,IF(J20-P20>0,J20-P20,0)))) -> 0 | O20: =HYPERLINK(CONCATENATE("Project Name\01- Inspection Request - IR\STR\",B20,"-",C20,".PDF"),"IN") -> IN
A21: =ROW(A14) -> 14 | B21: WIR-MECH-014 | C21: 0 | E21: Zone: 04 Building:VS-06/VS07 | F21: drainage pipes in concrete | G21: 1 | H21: 5 | I21: 45978 | J21: 45979 | K21: B | L21: =IF(K21="UR","PENDING",IF(K21="CC","OPEN","CLOSED")) -> CLOSED | M21: =IF(J21="",TODAY()-I21,J21-I21) -> 1 | N21: =IF(P21="",0,(IF(J21="",TODAY()-P21,IF(J21-P21>0,J21-P21,0)))) -> 0 | O21: =HYPERLINK(CONCATENATE("Project Name\01- Inspection Request - IR\STR\",B21,"-",C21,".PDF"),"IN") -> IN
A22: =ROW(A15) -> 15 | B22: WIR-MECH-015 | C22: 0 | E22: Zone: 04 Building:VS-08/VS-09 | F22: drainage pipes in concrete | G22: 1 | H22: 5 | I22: 45990 | J22: 46005 | K22: B | L22: =IF(K22="UR","PENDING",IF(K22="CC","OPEN","CLOSED")) -> CLOSED | M22: =IF(J22="",TODAY()-I22,J22-I22) -> 15 | N22: =IF(P22="",0,(IF(J22="",TODAY()-P22,IF(J22-P22>0,J22-P22,0)))) -> 0 | O22: =HYPERLINK(CONCATENATE("Project Name\01- Inspection Request - IR\STR\",B22,"-",C22,".PDF"),"IN") -> IN
A23: =ROW(A16) -> 16 | B23: WIR-MECH-016 | C23: 0 | E23: Zone: 03 Building:VS-10/VS11 | F23: drainage pipes in concrete | G23: 1 | H23: 5 | I23: 45990 | J23: 46005 | K23: B | L23: =IF(K23="UR","PENDING",IF(K23="CC","OPEN","CLOSED")) -> CLOSED | M23: =IF(J23="",TODAY()-I23,J23-I23) -> 15 | N23: =IF(P23="",0,(IF(J23="",TODAY()-P23,IF(J23-P23>0,J23-P23,0)))) -> 0 | O23: =HYPERLINK(CONCATENATE("Project Name\01- Inspection Request - IR\STR\",B23,"-",C23,".PDF"),"IN") -> IN
A24: =ROW(A17) -> 17 | B24: WIR-MECH-017 | C24: 0 | E24: Zone: 03 Building:VS-12-VS-13 | F24: drainage pipes in concrete | G24: 1 | H24: 5 | I24: 45990 | J24: 46005 | K24: B | L24: =IF(K24="UR","PENDING",IF(K24="CC","OPEN","CLOSED")) -> CLOSED | M24: =IF(J24="",TODAY()-I24,J24-I24) -> 15 | N24: =IF(P24="",0,(IF(J24="",TODAY()-P24,IF(J24-P24>0,J24-P24,0)))) -> 0 | O24: =HYPERLINK(CONCATENATE("Project Name\01- Inspection Request - IR\STR\",B24,"-",C24,".PDF"),"IN") -> IN
... A41: =ROW(A34) -> 34 | B41: WIR-MECH-034 | C41: 0 | E41: Zone: 04 Building:VS-01/VS-02 | F41: water supply network | G41: 1 | H41: 5 | I41: 46000 | J41: 46005 | K41: C | L41: =IF(K41="UR","PENDING",IF(K41="CC","OPEN","CLOSED")) -> CLOSED | M41: =IF(J41="",TODAY()-I41,J41-I41) -> 5 | N41: =IF(P41="",0,(IF(J41="",TODAY()-P41,IF(J41-P41>0,J41-P41,0)))) -> 0 | O41: =HYPERLINK(CONCATENATE("Project Name\01- Inspection Request - IR\STR\",B41,"-",C41,".PDF"),"IN") -> IN
A42: =ROW(A35) -> 35 | B42: WIR-MECH-034 | C42: 1 | E42: Zone: 04 Building:VS-01/VS-02 | F42: Installation of water supply network with all valves & WHA for Qaha VS-01/VS-02 | K42: UR | O42: =HYPERLINK(CONCATENATE("Project Name\01- Inspection Request - IR\STR\",B42,"-",C42,".PDF"),"IN") -> IN
A43: =ROW(A36) -> 36 | B43: WIR-MECH-035 | C43: 0 | E43: Zone: 04 Building:VS-03/VS-04 | F43: water supply network | G43: 1 | H43: 5 | I43: 46000 | J43: 46005 | K43: C | L43: =IF(K43="UR","PENDING",IF(K43="CC","OPEN","CLOSED")) -> CLOSED | M43: =IF(J43="",TODAY()-I43,J43-I43) -> 5 | N43: =IF(P43="",0,(IF(J43="",TODAY()-P43,IF(J43-P43>0,J43-P43,0)))) -> 0 | O43: =HYPERLINK(CONCATENATE("Project Name\01- Inspection Request - IR\STR\",B43,"-",C43,".PDF"),"IN") -> IN
A44: =ROW(A37) -> 37 | B44: WIR-MECH-035 | C44: 1 | E44: Zone: 04 Building:VS-03/VS-04 | F44: Installation of water supply network with all valves & WHA for Qaha VS-03/VS-04 | K44: UR
A45: =ROW(A38) -> 38 | B45: WIR-MECH-036 | C45: 0 | E45: Zone: 04 Building:VS-06/VS07 | F45: water supply network | G45: 1 | H45: 5 | I45: 46000 | J45: 46005 | K45: C | L45: =IF(K45="UR","PENDING",IF(K45="CC","OPEN","CLOSED")) -> CLOSED | M45: =IF(J45="",TODAY()-I45,J45-I45) -> 5 | N45: =IF(P45="",0,(IF(J45="",TODAY()-P45,IF(J45-P45>0,J45-P45,0)))) -> 0 | O45: =HYPERLINK(CONCATENATE("Project Name\01- Inspection Request - IR\STR\",B45,"-",C45,".PDF"),"IN") -> IN
A46: =ROW(A39) -> 39 | B46: WIR-MECH-036 | C46: 1 | E46: Zone: 04 Building:VS-06/VS07 | F46: Installation of water supply network with all valves & WHA for Qaha VS-06/VS-07 | K46: UR
A47: =ROW(A40) -> 40 | B47: WIR-MECH-037 | C47: 0 | E47: Zone: 04 Building:VS-08/VS-09 | F47: water supply network | G47: 1 | H47: 5 | I47: 46000 | J47: 46005 | K47: C | L47: =IF(K47="UR","PENDING",IF(K47="CC","OPEN","CLOSED")) -> CLOSED | M47: =IF(J47="",TODAY()-I47,J47-I47) -> 5 | N47: =IF(P47="",0,(IF(J47="",TODAY()-P47,IF(J47-P47>0,J47-P47,0)))) -> 0 | O47: =HYPERLINK(CONCATENATE("Project Name\01- Inspection Request - IR\STR\",B47,"-",C47,".PDF"),"IN") -> IN
A48: =ROW(A41) -> 41 | B48: WIR-MECH-037 | C48: 1 | E48: Zone: 04 Building:VS-08/VS-09 | F48: Installation of water supply network with all valves & WHA for Qaha VS-08/VS-09 | K48: UR
A49: =ROW(A42) -> 42 | B49: WIR-MECH-038 | C49: 0 | E49: Zone: 03 Building:VS-10/VS11 | F49: water supply network | G49: 1 | H49: 5 | I49: 46000 | J49: 46005 | K49: C | L49: =IF(K49="UR","PENDING",IF(K49="CC","OPEN","CLOSED")) -> CLOSED | M49: =IF(J49="",TODAY()-I49,J49-I49) -> 5 | N49: =IF(P49="",0,(IF(J49="",TODAY()-P49,IF(J49-P49>0,J49-P49,0)))) -> 0 | O49: =HYPERLINK(CONCATENATE("Project Name\01- Inspection Request - IR\STR\",B49,"-",C49,".PDF"),"IN") -> IN
A50: =ROW(A43) -> 43 | B50: WIR-MECH-038 | C50: 1 | E50: Zone: 03 Building:VS-10/VS11 | F50: Installation of water supply network with all valves & WHA for Qaha VS-10/VS11 | K50: UR
A51: =ROW(A44) -> 44 | B51: WIR-MECH-039 | C51: 0 | E51: Zone: 03 Building:VS-12-VS-13 | F51: water supply network | G51: 1 | H51: 5 | I51: 46000 | J51: 46005 | K51: C | L51: =IF(K51="UR","PENDING",IF(K51="CC","OPEN","CLOSED")) -> CLOSED | M51: =IF(J51="",TODAY()-I51,J51-I51) -> 5 | N51: =IF(P51="",0,(IF(J51="",TODAY()-P51,IF(J51-P51>0,J51-P51,0)))) -> 0 | O51: =HYPERLINK(CONCATENATE("Project Name\01- Inspection Request - IR\STR\",B51,"-",C51,".PDF"),"IN") -> IN
A52: =ROW(A45) -> 45 | B52: WIR-MECH-039 | C52: 1 | E52: Zone: 03 Building:VS-12-VS-13 | F52: Installation of water supply network with all valves & WHA for Qaha VS-12/VS13 | K52: UR
A53: =ROW(A46) -> 46 | B53: WIR-MECH-040 | C53: 0 | E53: Zone: 03 Building:VS-14/VS-15 | F53: water supply network | G53: 1 | H53: 5 | I53: 46000 | J53: 46005 | K53: C | L53: =IF(K53="UR","PENDING",IF(K53="CC","OPEN","CLOSED")) -> CLOSED | M53: =IF(J53="",TODAY()-I53,J53-I53) -> 5 | N53: =IF(P53="",0,(IF(J53="",TODAY()-P53,IF(J53-P53>0,J53-P53,0)))) -> 0 | O53: =HYPERLINK(CONCATENATE("Project Name\01- Inspection Request - IR\STR\",B53,"-",C53,".PDF"),"IN") -> IN
A54: =ROW(A47) -> 47 | B54: WIR-MECH-040 | C54: 1 | E54: Zone: 03 Building:VS-14/VS-15 | F54: Installation of water supply network with all valves & WHA for Qaha VS-14/VS-15 | K54: UR
A55: =ROW(A48) -> 48 | B55: WIR-MECH-041 | C55: 0 | E55: Zone: 03 Building:VS-16/VS-17 | F55: water supply network | G55: 1 | H55: 5 | I55: 46000 | J55: 46005 | K55: C | L55: =IF(K55="UR","PENDING",IF(K55="CC","OPEN","CLOSED")) -> CLOSED | M55: =IF(J55="",TODAY()-I55,J55-I55) -> 5 | N55: =IF(P55="",0,(IF(J55="",TODAY()-P55,IF(J55-P55>0,J55-P55,0)))) -> 0 | O55: =HYPERLINK(CONCATENATE("Project Name\01- Inspection Request - IR\STR\",B55,"-",C55,".PDF"),"IN") -> IN
A56: =ROW(A49) -> 49 | B56: WIR-MECH-041 | C56: 1 | E56: Zone: 03 Building:VS-16/VS-17 | F56: Installation of water supply network with all valves & WHA for Qaha VS-16/VS-17 | K56: UR
A57: =ROW(A50) -> 50 | B57: WIR-MECH-042 | C57: 0 | E57: Zone: 04 Building:VF-01 | F57: Under tiles drainage pipes and Drainage in walls with house connections | G57: 1 | H57: 5 | I57: 46000 | J57: 46005 | K57: B | L57: =IF(K57="UR","PENDING",IF(K57="CC","OPEN","CLOSED")) -> CLOSED | M57: =IF(J57="",TODAY()-I57,J57-I57) -> 5 | N57: =IF(P57="",0,(IF(J57="",TODAY()-P57,IF(J57-P57>0,J57-P57,0)))) -> 0 | O57: =HYPERLINK(CONCATENATE("Project Name\01- Inspection Request - IR\STR\",B57,"-",C57,".PDF"),"IN") -> IN
A58: =ROW(A51) -> 51 | B58: WIR-MECH-043 | C58: 0 | E58: Zone: 04 Building:VF-02 | F58: Under tiles drainage pipes and Drainage in walls with house connections | G58: 1 | H58: 5 | I58: 46000 | J58: 46005 | K58: B | L58: =IF(K58="UR","PENDING",IF(K58="CC","OPEN","CLOSED")) -> CLOSED | M58: =IF(J58="",TODAY()-I58,J58-I58) -> 5 | N58: =IF(P58="",0,(IF(J58="",TODAY()-P58,IF(J58-P58>0,J58-P58,0)))) -> 0 | O58: =HYPERLINK(CONCATENATE("Project Name\01- Inspection Request - IR\STR\",B58,"-",C58,".PDF"),"IN") -> IN
A59: =ROW(A52) -> 52 | B59: WIR-MECH-044 | C59: 0 | E59: Zone: 04 Building:VF-03 | F59: Under tiles drainage pipes and Drainage in walls with house connections | G59: 1 | H59: 5 | I59: 46000 | J59: 46005 | K59: B | L59: =IF(K59="UR","PENDING",IF(K59="CC","OPEN","CLOSED")) -> CLOSED | M59: =IF(J59="",TODAY()-I59,J59-I59) -> 5 | N59: =IF(P59="",0,(IF(J59="",TODAY()-P59,IF(J59-P59>0,J59-P59,0)))) -> 0 | O59: =HYPERLINK(CONCATENATE("Project Name\01- Inspection Request - IR\STR\",B59,"-",C59,".PDF"),"IN") -> IN
A60: =ROW(A53) -> 53 | B60: WIR-MECH-045 | C60: 0 | E60: Zone: 04 Building:VF-04 | F60: Under tiles drainage pipes and Drainage in walls with house connections | G60: 1 | H60: 5 | I60: 46000 | J60: 46005 | K60: B | L60: =IF(K60="UR","PENDING",IF(K60="CC","OPEN","CLOSED")) -> CLOSED | M60: =IF(J60="",TODAY()-I60,J60-I60) -> 5 | N60: =IF(P60="",0,(IF(J60="",TODAY()-P60,IF(J60-P60>0,J60-P60,0)))) -> 0 | O60: =HYPERLINK(CONCATENATE("Project Name\01- Inspection Request - IR\STR\",B60,"-",C60,".PDF"),"IN") -> IN
A61: =ROW(A54) -> 54 | B61: WIR-MECH-046 | C61: 0 | E61: Zone: 04 Building:VF-05 | F61: Under tiles drainage pipes and Drainage in walls with house connections | G61: 1 | H61: 5 | I61: 46000 | J61: 46005 | K61: B | L61: =IF(K61="UR","PENDING",IF(K61="CC","OPEN","CLOSED")) -> CLOSED | M61: =IF(J61="",TODAY()-I61,J61-I61) -> 5 | N61: =IF(P61="",0,(IF(J61="",TODAY()-P61,IF(J61-P61>0,J61-P61,0)))) -> 0 | O61: =HYPERLINK(CONCATENATE("Project Name\01- Inspection Request - IR\STR\",B61,"-",C61,".PDF"),"IN") -> IN
A62: =ROW(A55) -> 55 | B62: WIR-MECH-047 | C62: 0 | E62: Zone: 03 Building:VF-06 | F62: Under tiles drainage pipes and Drainage in walls with house connections | G62: 1 | H62: 5 | I62: 46000 | J62: 46005 | K62: B | L62: =IF(K62="UR","PENDING",IF(K62="CC","OPEN","CLOSED")) -> CLOSED | M62: =IF(J62="",TODAY()-I62,J62-I62) -> 5 | N62: =IF(P62="",0,(IF(J62="",TODAY()-P62,IF(J62-P62>0,J62-P62,0)))) -> 0 | O62: =HYPERLINK(CONCATENATE("Project Name\01- Inspection Request - IR\STR\",B62,"-",C62,".PDF"),"IN") -> IN
A63: =ROW(A56) -> 56 | B63: WIR-MECH-048 | C63: 0 | E63: Zone: 03 Building:VF-07 | F63: Under tiles drainage pipes and Drainage in walls with house connections | G63: 1 | H63: 5 | I63: 46000 | J63: 46005 | K63: B | L63: =IF(K63="UR","PENDING",IF(K63="CC","OPEN","CLOSED")) -> CLOSED | M63: =IF(J63="",TODAY()-I63,J63-I63) -> 5 | N63: =IF(P63="",0,(IF(J63="",TODAY()-P63,IF(J63-P63>0,J63-P63,0)))) -> 0 | O63: =HYPERLINK(CONCATENATE("Project Name\01- Inspection Request - IR\STR\",B63,"-",C63,".PDF"),"IN") -> IN
A64: =ROW(A57) -> 57 | B64: WIR-MECH-049 | C64: 0 | E64: Zone: 03 Building:VF-08 | F64: Under tiles drainage pipes and Drainage in walls with house connections | G64: 1 | H64: 5 | I64: 46000 | J64: 46005 | K64: B | L64: =IF(K64="UR","PENDING",IF(K64="CC","OPEN","CLOSED")) -> CLOSED | M64: =IF(J64="",TODAY()-I64,J64-I64) -> 5 | N64: =IF(P64="",0,(IF(J64="",TODAY()-P64,IF(J64-P64>0,J64-P64,0)))) -> 0 | O64: =HYPERLINK(CONCATENATE("Project Name\01- Inspection Request - IR\STR\",B64,"-",C64,".PDF"),"IN") -> IN
A65: =ROW(A58) -> 58 | B65: WIR-MECH-050 | C65: 0 | E65: Zone: 03 Building:VF-09 | F65: Under tiles drainage pipes and Drainage in walls with house connections | G65: 1 | H65: 5 | I65: 46000 | J65: 46005 | K65: B | L65: =IF(K65="UR","PENDING",IF(K65="CC","OPEN","CLOSED")) -> CLOSED | M65: =IF(J65="",TODAY()-I65,J65-I65) -> 5 | N65: =IF(P65="",0,(IF(J65="",TODAY()-P65,IF(J65-P65>0,J65-P65,0)))) -> 0 | O65: =HYPERLINK(CONCATENATE("Project Name\01- Inspection Request - IR\STR\",B65,"-",C65,".PDF"),"IN") -> IN
A66: =ROW(A59) -> 59 | B66: WIR-MECH-051 | C66: 0 | E66: Zone: 03 Building:VF-10 | F66: Under tiles drainage pipes and Drainage in walls with house connections | G66: 1 | H66: 5 | I66: 46000 | J66: 46005 | K66: B | L66: =IF(K66="UR","PENDING",IF(K66="CC","OPEN","CLOSED")) -> CLOSED | M66: =IF(J66="",TODAY()-I66,J66-I66) -> 5 | N66: =IF(P66="",0,(IF(J66="",TODAY()-P66,IF(J66-P66>0,J66-P66,0)))) -> 0 | O66: =HYPERLINK(CONCATENATE("Project Name\01- Inspection Request - IR\STR\",B66,"-",C66,".PDF"),"IN") -> IN
A67: =ROW(A60) -> 60 | B67: WIR-MECH-052 | C67: 0 | E67: Zone: 04 Building:VF-01 | F67: water supply network | G67: 1 | H67: 5 | I67: 46000 | J67: 46005 | K67: C | L67: =IF(K67="UR","PENDING",IF(K67="CC","OPEN","CLOSED")) -> CLOSED | M67: =IF(J67="",TODAY()-I67,J67-I67) -> 5 | N67: =IF(P67="",0,(IF(J67="",TODAY()-P67,IF(J67-P67>0,J67-P67,0)))) -> 0 | O67: =HYPERLINK(CONCATENATE("Project Name\01- Inspection Request - IR\STR\",B67,"-",C67,".PDF"),"IN") -> IN
A68: =ROW(A61) -> 61 | B68: WIR-MECH-52 | C68: 1 | E68: Zone: 04 Building:VF-01 | F68: Installation of water supply network with all valves & WHA for Qaha VF-01 | K68: UR | O68: =HYPERLINK(CONCATENATE("Project Name\01- Inspection Request - IR\STR\",B68,"-",C68,".PDF"),"IN") -> IN
A69: =ROW(A62) -> 62 | B69: WIR-MECH-053 | C69: 0 | E69: Zone: 04 Building:VF-02 | F69: water supply network | G69: 1 | H69: 5 | I69: 46000 | J69: 46005 | K69: C | L69: =IF(K69="UR","PENDING",IF(K69="CC","OPEN","CLOSED")) -> CLOSED | M69: =IF(J69="",TODAY()-I69,J69-I69) -> 5 | N69: =IF(P69="",0,(IF(J69="",TODAY()-P69,IF(J69-P69>0,J69-P69,0)))) -> 0 | O69: =HYPERLINK(CONCATENATE("Project Name\01- Inspection Request - IR\STR\",B69,"-",C69,".PDF"),"IN") -> IN
A70: =ROW(A63) -> 63 | B70: WIR-MECH-053 | C70: 1 | E70: Zone: 04 Building:VF-02 | F70: Installation of water supply network with all valves & WHA for Qaha VF-02 | K70: UR | O70: =HYPERLINK(CONCATENATE("Project Name\01- Inspection Request - IR\STR\",B70,"-",C70,".PDF"),"IN") -> IN
A71: =ROW(A64) -> 64 | B71: WIR-MECH-054 | C71: 0 | E71: Zone: 04 Building:VF-03 | F71: water supply network | G71: 1 | H71: 5 | I71: 46000 | J71: 46005 | K71: C | L71: =IF(K71="UR","PENDING",IF(K71="CC","OPEN","CLOSED")) -> CLOSED | M71: =IF(J71="",TODAY()-I71,J71-I71) -> 5 | N71: =IF(P71="",0,(IF(J71="",TODAY()-P71,IF(J71-P71>0,J71-P71,0)))) -> 0 | O71: =HYPERLINK(CONCATENATE("Project Name\01- Inspection Request - IR\STR\",B71,"-",C71,".PDF"),"IN") -> IN
A72: =ROW(A65) -> 65 | B72: WIR-MECH-054 | C72: 1 | E72: Zone: 04 Building:VF-03 | F72: Installation of water supply network with all valves & WHA for Qaha VF-03 | K72: UR | O72: =HYPERLINK(CONCATENATE("Project Name\01- Inspection Request - IR\STR\",B72,"-",C72,".PDF"),"IN") -> IN
A73: =ROW(A66) -> 66 | B73: WIR-MECH-055 | C73: 0 | E73: Zone: 04 Building:VF-04 | F73: water supply network | G73: 1 | H73: 5 | I73: 46000 | J73: 46005 | K73: C | L73: =IF(K73="UR","PENDING",IF(K73="CC","OPEN","CLOSED")) -> CLOSED | M73: =IF(J73="",TODAY()-I73,J73-I73) -> 5 | N73: =IF(P73="",0,(IF(J73="",TODAY()-P73,IF(J73-P73>0,J73-P73,0)))) -> 0 | O73: =HYPERLINK(CONCATENATE("Project Name\01- Inspection Request - IR\STR\",B73,"-",C73,".PDF"),"IN") -> IN
A74: =ROW(A67) -> 67 | B74: WIR-MECH-055 | C74: 1 | E74: Zone: 04 Building:VF-04 | F74: Installation of water supply network with all valves & WHA for Qaha VF-04 | K74: UR | O74: =HYPERLINK(CONCATENATE("Project Name\01- Inspection Request - IR\STR\",B74,"-",C74,".PDF"),"IN") -> IN
A75: =ROW(A68) -> 68 | B75: WIR-MECH-056 | C75: 0 | E75: Zone: 04 Building:VF-05 | F75: water supply network | G75: 1 | H75: 5 | I75: 46000 | J75: 46005 | K75: C | L75: =IF(K75="UR","PENDING",IF(K75="CC","OPEN","CLOSED")) -> CLOSED | M75: =IF(J75="",TODAY()-I75,J75-I75) -> 5 | N75: =IF(P75="",0,(IF(J75="",TODAY()-P75,IF(J75-P75>0,J75-P75,0)))) -> 0 | O75: =HYPERLINK(CONCATENATE("Project Name\01- Inspection Request - IR\STR\",B75,"-",C75,".PDF"),"IN") -> IN
A76: =ROW(A69) -> 69 | B76: WIR-MECH-056 | C76: 1 | E76: Zone: 04 Building:VF-05 | F76: Installation of water supply network with all valves & WHA for Qaha VF-05 | K76: UR
A77: =ROW(A70) -> 70 | B77: WIR-MECH-057 | C77: 0 | E77: Zone: 03 Building:VF-06 | F77: water supply network | G77: 1 | H77: 5 | I77: 46000 | J77: 46005 | K77: C | L77: =IF(K77="UR","PENDING",IF(K77="CC","OPEN","CLOSED")) -> CLOSED | M77: =IF(J77="",TODAY()-I77,J77-I77) -> 5 | N77: =IF(P77="",0,(IF(J77="",TODAY()-P77,IF(J77-P77>0,J77-P77,0)))) -> 0 | O77: =HYPERLINK(CONCATENATE("Project Name\01- Inspection Request - IR\STR\",B77,"-",C77,".PDF"),"IN") -> IN
A78: =ROW(A71) -> 71 | B78: WIR-MECH-057 | C78: 1 | E78: Zone: 03 Building:VF-06 | F78: Installation of water supply network with all valves & WHA for Qaha VF-06 | K78: UR | O78: =HYPERLINK(CONCATENATE("Project Name\01- Inspection Request - IR\STR\",B78,"-",C78,".PDF"),"IN") -> IN
A79: =ROW(A72) -> 72 | B79: WIR-MECH-058 | C79: 0 | E79: Zone: 03 Building:VF-07 | F79: water supply network | G79: 1 | H79: 5 | I79: 46000 | J79: 46005 | K79: C | L79: =IF(K79="UR","PENDING",IF(K79="CC","OPEN","CLOSED")) -> CLOSED | M79: =IF(J79="",TODAY()-I79,J79-I79) -> 5 | N79: =IF(P79="",0,(IF(J79="",TODAY()-P79,IF(J79-P79>0,J79-P79,0)))) -> 0 | O79: =HYPERLINK(CONCATENATE("Project Name\01- Inspection Request - IR\STR\",B79,"-",C79,".PDF"),"IN") -> IN
A80: =ROW(A73) -> 73 | B80: WIR-MECH-058 | C80: 1 | E80: Zone: 03 Building:VF-07 | F80: Installation of water supply network with all valves & WHA for Qaha VF-07 | K80: UR
A81: =ROW(A74) -> 74 | B81: WIR-MECH-059 | C81: 0 | E81: Zone: 03 Building:VF-10 | F81: water supply network | G81: 1 | H81: 5 | I81: 46000 | J81: 46005 | K81: C | L81: =IF(K81="UR","PENDING",IF(K81="CC","OPEN","CLOSED")) -> CLOSED | M81: =IF(J81="",TODAY()-I81,J81-I81) -> 5 | N81: =IF(P81="",0,(IF(J81="",TODAY()-P81,IF(J81-P81>0,J81-P81,0)))) -> 0 | O81: =HYPERLINK(CONCATENATE("Project Name\01- Inspection Request - IR\STR\",B81,"-",C81,".PDF"),"IN") -> IN
A82: =ROW(A75) -> 75 | B82: WIR-MECH-059 | C82: 1 | E82: Zone: 03 Building:VF-10 | F82: Installation of water supply network with all valves & WHA for Qaha VF-10 | K82: UR
A83: =ROW(A76) -> 76 | B83: WIR-MECH-060 | C83: 0 | E83: Zone: 03 Building:VF-08 | F83: water supply network | G83: 1 | H83: 5 | I83: 46000 | K83: UR | L83: =IF(K83="UR","PENDING",IF(K83="CC","OPEN","CLOSED")) -> PENDING | M83: =IF(J83="",TODAY()-I83,J83-I83) -> 114 | N83: =IF(P83="",0,(IF(J83="",TODAY()-P83,IF(J83-P83>0,J83-P83,0)))) -> 0 | O83: =HYPERLINK(CONCATENATE("Project Name\01- Inspection Request - IR\STR\",B83,"-",C83,".PDF"),"IN") -> IN
A84: =ROW(A77) -> 77 | B84: WIR-MECH-060 | C84: 1 | E84: Zone: 03 Building:VF-08 | F84: Installation of water supply network with all valves & WHA for Qaha VF-08 | K84: UR
A85: =ROW(A78) -> 78 | B85: WIR-MECH-061 | C85: 0 | E85: Zone: 03 Building:VF-09 | F85: water supply network | G85: 1 | H85: 5 | I85: 46000 | J85: 46005 | K85: C | L85: =IF(K85="UR","PENDING",IF(K85="CC","OPEN","CLOSED")) -> CLOSED | M85: =IF(J85="",TODAY()-I85,J85-I85) -> 5 | N85: =IF(P85="",0,(IF(J85="",TODAY()-P85,IF(J85-P85>0,J85-P85,0)))) -> 0 | O85: =HYPERLINK(CONCATENATE("Project Name\01- Inspection Request - IR\STR\",B85,"-",C85,".PDF"),"IN") -> IN
A86: =ROW(A79) -> 79 | B86: WIR-MECH-061 | C86: 1 | E86: Zone: 03 Building:VF-09 | F86: Installation of water supply network with all valves & WHA for Qaha VF-09 | K86: UR
A87: =ROW(A80) -> 80 | B87: WIR-MECH-062 | C87: 0 | E87: Zone: 02 Building:GA-01 | F87: drainage pipes in walls with vent pipes | G87: 1 | H87: 5 | I87: 46366 | J87: 46371 | K87: B | L87: =IF(K87="UR","PENDING",IF(K87="CC","OPEN","CLOSED")) -> CLOSED | M87: =IF(J87="",TODAY()-I87,J87-I87) -> 5 | N87: =IF(P87="",0,(IF(J87="",TODAY()-P87,IF(J87-P87>0,J87-P87,0)))) -> 0 | O87: =HYPERLINK(CONCATENATE("Project Name\01- Inspection Request - IR\STR\",B87,"-",C87,".PDF"),"IN") -> IN
A88: =ROW(A81) -> 81 | B88: WIR-MECH-063 | C88: 0 | E88: Zone: 02 Building:GA-10 | F88: drainage pipes in walls with vent pipes | G88: 1 | H88: 5 | I88: 46366 | J88: 46371 | K88: B | L88: =IF(K88="UR","PENDING",IF(K88="CC","OPEN","CLOSED")) -> CLOSED | M88: =IF(J88="",TODAY()-I88,J88-I88) -> 5 | N88: =IF(P88="",0,(IF(J88="",TODAY()-P88,IF(J88-P88>0,J88-P88,0)))) -> 0 | O88: =HYPERLINK(CONCATENATE("Project Name\01- Inspection Request - IR\STR\",B88,"-",C88,".PDF"),"IN") -> IN
A89: =ROW(A82) -> 82 | B89: WIR-MECH-064 | C89: 0 | E89: Zone: 02 Building:GA-11 | F89: drainage pipes in walls with vent pipes | G89: 1 | H89: 5 | I89: 46366 | J89: 46371 | K89: B | L89: =IF(K89="UR","PENDING",IF(K89="CC","OPEN","CLOSED")) -> CLOSED | M89: =IF(J89="",TODAY()-I89,J89-I89) -> 5 | N89: =IF(P89="",0,(IF(J89="",TODAY()-P89,IF(J89-P89>0,J89-P89,0)))) -> 0 | O89: =HYPERLINK(CONCATENATE("Project Name\01- Inspection Request - IR\STR\",B89,"-",C89,".PDF"),"IN") -> IN
A90: =ROW(A83) -> 83 | B90: WIR-MECH-065 | C90: 0 | E90: Zone: 02 Building:GA-02 | F90: drainage pipes in walls with vent pipes | G90: 1 | H90: 5 | I90: 46366 | J90: 46371 | K90: B | L90: =IF(K90="UR","PENDING",IF(K90="CC","OPEN","CLOSED")) -> CLOSED | M90: =IF(J90="",TODAY()-I90,J90-I90) -> 5 | N90: =IF(P90="",0,(IF(J90="",TODAY()-P90,IF(J90-P90>0,J90-P90,0)))) -> 0 | O90: =HYPERLINK(CONCATENATE("Project Name\01- Inspection Request - IR\STR\",B90,"-",C90,".PDF"),"IN") -> IN
A91: =ROW(A84) -> 84 | B91: WIR-MECH-066 | C91: 0 | E91: Zone: 02 Building:GA-03 | F91: drainage pipes in walls with vent pipes | G91: 1 | H91: 5 | I91: 46366 | J91: 46371 | K91: B | L91: =IF(K91="UR","PENDING",IF(K91="CC","OPEN","CLOSED")) -> CLOSED | M91: =IF(J91="",TODAY()-I91,J91-I91) -> 5 | N91: =IF(P91="",0,(IF(J91="",TODAY()-P91,IF(J91-P91>0,J91-P91,0)))) -> 0 | O91: =HYPERLINK(CONCATENATE("Project Name\01- Inspection Request - IR\STR\",B91,"-",C91,".PDF"),"IN") -> IN
A92: =ROW(A85) -> 85 | B92: WIR-MECH-067 | C92: 0 | E92: Zone: 02 Building:GA-04 | F92: drainage pipes in walls with vent pipes | G92: 1 | H92: 5 | I92: 46366 | J92: 46371 | K92: B | L92: =IF(K92="UR","PENDING",IF(K92="CC","OPEN","CLOSED")) -> CLOSED | M92: =IF(J92="",TODAY()-I92,J92-I92) -> 5 | N92: =IF(P92="",0,(IF(J92="",TODAY()-P92,IF(J92-P92>0,J92-P92,0)))) -> 0 | O92: =HYPERLINK(CONCATENATE("Project Name\01- Inspection Request - IR\STR\",B92,"-",C92,".PDF"),"IN") -> IN
A93: =ROW(A86) -> 86 | B93: WIR-MECH-068 | C93: 0 | E93: Zone: 02 Building:GA-05 | F93: drainage pipes in walls with vent pipes | G93: 1 | H93: 5 | I93: 46366 | J93: 46371 | K93: B | L93: =IF(K93="UR","PENDING",IF(K93="CC","OPEN","CLOSED")) -> CLOSED | M93: =IF(J93="",TODAY()-I93,J93-I93) -> 5 | N93: =IF(P93="",0,(IF(J93="",TODAY()-P93,IF(J93-P93>0,J93-P93,0)))) -> 0 | O93: =HYPERLINK(CONCATENATE("Project Name\01- Inspection Request - IR\STR\",B93,"-",C93,".PDF"),"IN") -> IN
A94: =ROW(A87) -> 87 | B94: WIR-MECH-069 | C94: 0 | E94: Zone: 02 Building:GA-06 | F94: drainage pipes in walls with vent pipes | G94: 1 | H94: 5 | I94: 46366 | J94: 46371 | K94: B | L94: =IF(K94="UR","PENDING",IF(K94="CC","OPEN","CLOSED")) -> CLOSED | M94: =IF(J94="",TODAY()-I94,J94-I94) -> 5 | N94: =IF(P94="",0,(IF(J94="",TODAY()-P94,IF(J94-P94>0,J94-P94,0)))) -> 0 | O94: =HYPERLINK(CONCATENATE("Project Name\01- Inspection Request - IR\STR\",B94,"-",C94,".PDF"),"IN") -> IN
A95: =ROW(A88) -> 88 | B95: WIR-MECH-070 | C95: 0 | E95: Zone: 02 Building:GA-07 | F95: drainage pipes in walls with vent pipes | G95: 1 | H95: 5 | I95: 46366 | J95: 46371 | K95: B | L95: =IF(K95="UR","PENDING",IF(K95="CC","OPEN","CLOSED")) -> CLOSED | M95: =IF(J95="",TODAY()-I95,J95-I95) -> 5 | N95: =IF(P95="",0,(IF(J95="",TODAY()-P95,IF(J95-P95>0,J95-P95,0)))) -> 0 | O95: =HYPERLINK(CONCATENATE("Project Name\01- Inspection Request - IR\STR\",B95,"-",C95,".PDF"),"IN") -> IN
A96: =ROW(A89) -> 89 | B96: WIR-MECH-071 | C96: 0 | E96: Zone: 02 Building:GA-08 | F96: drainage pipes in walls with vent pipes | G96: 1 | H96: 5 | I96: 46366 | J96: 46371 | K96: B | L96: =IF(K96="UR","PENDING",IF(K96="CC","OPEN","CLOSED")) -> CLOSED | M96: =IF(J96="",TODAY()-I96,J96-I96) -> 5 | N96: =IF(P96="",0,(IF(J96="",TODAY()-P96,IF(J96-P96>0,J96-P96,0)))) -> 0 | O96: =HYPERLINK(CONCATENATE("Project Name\01- Inspection Request - IR\STR\",B96,"-",C96,".PDF"),"IN") -> IN
A97: =ROW(A90) -> 90 | B97: WIR-MECH-072 | C97: 0 | E97: Zone: 02 Building:GA-09 | F97: drainage pipes in walls with vent pipes | G97: 1 | H97: 5 | I97: 46366 | J97: 46371 | K97: B | L97: =IF(K97="UR","PENDING",IF(K97="CC","OPEN","CLOSED")) -> CLOSED | M97: =IF(J97="",TODAY()-I97,J97-I97) -> 5 | N97: =IF(P97="",0,(IF(J97="",TODAY()-P97,IF(J97-P97>0,J97-P97,0)))) -> 0 | O97: =HYPERLINK(CONCATENATE("Project Name\01- Inspection Request - IR\STR\",B97,"-",C97,".PDF"),"IN") -> IN
A98: =ROW(A91) -> 91 | B98: WIR-MECH-073 | C98: 0 | E98: Zone: 04 Building:Kiosk-01 | F98: drainage pipes in concrete with house connections | G98: 1 | H98: 5 | I98: 46366 | J98: 46371 | K98: B | L98: =IF(K98="UR","PENDING",IF(K98="CC","OPEN","CLOSED")) -> CLOSED | M98: =IF(J98="",TODAY()-I98,J98-I98) -> 5 | N98: =IF(P98="",0,(IF(J98="",TODAY()-P98,IF(J98-P98>0,J98-P98,0)))) -> 0 | O98: =HYPERLINK(CONCATENATE("Project Name\01- Inspection Request - IR\STR\",B98,"-",C98,".PDF"),"IN") -> IN
... A127: =ROW(A120) -> 120 | B127: WIR-MECH-102 | C127: 0 | E127: Zone: 02 Building:GA-10 | F127: drainage pipes in concrete with house connections | G127: 1 | H127: 5 | I127: 46366 | J127: 46371 | K127: B | L127: =IF(K127="UR","PENDING",IF(K127="CC","OPEN","CLOSED")) -> CLOSED | M127: =IF(J127="",TODAY()-I127,J127-I127) -> 5 | N127: =IF(P127="",0,(IF(J127="",TODAY()-P127,IF(J127-P127>0,J127-P127,0)))) -> 0 | O127: =HYPERLINK(CONCATENATE("Project Name\01- Inspection Request - IR\STR\",B127,"-",C127,".PDF"),"IN") -> IN
A128: =ROW(A121) -> 121 | B128: WIR-MECH-103 | C128: 0 | E128: kiosk 09 | F128: drainage pipes in walls with vent pipes | I128: 46370 | J128: 46371 | K128: B | L128: =IF(K128="UR","PENDING",IF(K128="CC","OPEN","CLOSED")) -> CLOSED | M128: =IF(J128="",TODAY()-I128,J128-I128) -> 1 | N128: =IF(P128="",0,(IF(J128="",TODAY()-P128,IF(J128-P128>0,J128-P128,0)))) -> 0 | O128: =HYPERLINK(CONCATENATE("Project Name\01- Inspection Request - IR\STR\",B128,"-",C128,".PDF"),"IN") -> IN
A129: =ROW(A122) -> 122 | B129: WIR-MECH-104 | C129: 0 | E129: kiosk 10 | F129: drainage pipes in walls with vent pipes | I129: 46370 | J129: 46371 | K129: B | L129: =IF(K129="UR","PENDING",IF(K129="CC","OPEN","CLOSED")) -> CLOSED | M129: =IF(J129="",TODAY()-I129,J129-I129) -> 1 | N129: =IF(P129="",0,(IF(J129="",TODAY()-P129,IF(J129-P129>0,J129-P129,0)))) -> 0 | O129: =HYPERLINK(CONCATENATE("Project Name\01- Inspection Request - IR\STR\",B129,"-",C129,".PDF"),"IN") -> IN
A130: =ROW(A123) -> 123 | B130: WIR-MECH-105 | C130: 0 | E130: kiosk 12 | F130: drainage pipes in walls with vent pipes | I130: 46370 | J130: 46371 | K130: B | L130: =IF(K130="UR","PENDING",IF(K130="CC","OPEN","CLOSED")) -> CLOSED | M130: =IF(J130="",TODAY()-I130,J130-I130) -> 1 | N130: =IF(P130="",0,(IF(J130="",TODAY()-P130,IF(J130-P130>0,J130-P130,0)))) -> 0 | O130: =HYPERLINK(CONCATENATE("Project Name\01- Inspection Request - IR\STR\",B130,"-",C130,".PDF"),"IN") -> IN
A131: =ROW(A124) -> 124 | B131: WIR-MECH-106 | C131: 0 | E131: kiosk 17 | F131: drainage pipes in walls with vent pipes | I131: 46370 | J131: 46371 | K131: B | L131: =IF(K131="UR","PENDING",IF(K131="CC","OPEN","CLOSED")) -> CLOSED | M131: =IF(J131="",TODAY()-I131,J131-I131) -> 1 | N131: =IF(P131="",0,(IF(J131="",TODAY()-P131,IF(J131-P131>0,J131-P131,0)))) -> 0 | O131: =HYPERLINK(CONCATENATE("Project Name\01- Inspection Request - IR\STR\",B131,"-",C131,".PDF"),"IN") -> IN
A132: =ROW(A125) -> 125 | B132: WIR-MECH-107 | C132: 0 | E132: kiosk 21 | F132: drainage pipes in walls with vent pipes | I132: 46370 | J132: 46371 | K132: B | L132: =IF(K132="UR","PENDING",IF(K132="CC","OPEN","CLOSED")) -> CLOSED | M132: =IF(J132="",TODAY()-I132,J132-I132) -> 1 | N132: =IF(P132="",0,(IF(J132="",TODAY()-P132,IF(J132-P132>0,J132-P132,0)))) -> 0 | O132: =HYPERLINK(CONCATENATE("Project Name\01- Inspection Request - IR\STR\",B132,"-",C132,".PDF"),"IN") -> IN
A133: =ROW(A126) -> 126 | B133: WIR-MECH-108 | C133: 0 | E133: kiosk 22 | F133: drainage pipes in walls with vent pipes | I133: 46370 | J133: 46371 | K133: B | L133: =IF(K133="UR","PENDING",IF(K133="CC","OPEN","CLOSED")) -> CLOSED | M133: =IF(J133="",TODAY()-I133,J133-I133) -> 1 | N133: =IF(P133="",0,(IF(J133="",TODAY()-P133,IF(J133-P133>0,J133-P133,0)))) -> 0 | O133: =HYPERLINK(CONCATENATE("Project Name\01- Inspection Request - IR\STR\",B133,"-",C133,".PDF"),"IN") -> IN
A134: =ROW(A127) -> 127 | B134: WIR-MECH-109 | C134: 0 | E134: kiosk 23 | F134: drainage pipes in walls with vent pipes | I134: 46370 | J134: 46371 | K134: B | L134: =IF(K134="UR","PENDING",IF(K134="CC","OPEN","CLOSED")) -> CLOSED | M134: =IF(J134="",TODAY()-I134,J134-I134) -> 1 | N134: =IF(P134="",0,(IF(J134="",TODAY()-P134,IF(J134-P134>0,J134-P134,0)))) -> 0 | O134: =HYPERLINK(CONCATENATE("Project Name\01- Inspection Request - IR\STR\",B134,"-",C134,".PDF"),"IN") -> IN
A135: =ROW(A128) -> 128 | B135: WIR-MECH-110 | C135: 0 | E135: kiosk 25 | F135: drainage pipes in walls with vent pipes | I135: 46370 | J135: 46371 | K135: B | L135: =IF(K135="UR","PENDING",IF(K135="CC","OPEN","CLOSED")) -> CLOSED | M135: =IF(J135="",TODAY()-I135,J135-I135) -> 1 | N135: =IF(P135="",0,(IF(J135="",TODAY()-P135,IF(J135-P135>0,J135-P135,0)))) -> 0 | O135: =HYPERLINK(CONCATENATE("Project Name\01- Inspection Request - IR\STR\",B135,"-",C135,".PDF"),"IN") -> IN
A136: =ROW(A129) -> 129 | B136: WIR-MECH-111 | C136: 0 | E136: kiosk 30 | F136: drainage pipes in walls with vent pipes | I136: 46370 | J136: 46371 | K136: B | L136: =IF(K136="UR","PENDING",IF(K136="CC","OPEN","CLOSED")) -> CLOSED | M136: =IF(J136="",TODAY()-I136,J136-I136) -> 1 | N136: =IF(P136="",0,(IF(J136="",TODAY()-P136,IF(J136-P136>0,J136-P136,0)))) -> 0 | O136: =HYPERLINK(CONCATENATE("Project Name\01- Inspection Request - IR\STR\",B136,"-",C136,".PDF"),"IN") -> IN
A137: =ROW(A130) -> 130 | B137: WIR-MECH-112 | C137: 0 | E137: QC03 | F137: drainage pipes in concrete with house connections | I137: 46370 | J137: 46371 | K137: B | L137: =IF(K137="UR","PENDING",IF(K137="CC","OPEN","CLOSED")) -> CLOSED | M137: =IF(J137="",TODAY()-I137,J137-I137) -> 1 | N137: =IF(P137="",0,(IF(J137="",TODAY()-P137,IF(J137-P137>0,J137-P137,0)))) -> 0 | O137: =HYPERLINK(CONCATENATE("Project Name\01- Inspection Request - IR\STR\",B137,"-",C137,".PDF"),"IN") -> IN
A138: =ROW(A131) -> 131 | B138: WIR-MECH-113 | C138: 0 | E138: QC04 | F138: drainage pipes in concrete with house connections | I138: 46370 | J138: 46371 | K138: B | L138: =IF(K138="UR","PENDING",IF(K138="CC","OPEN","CLOSED")) -> CLOSED | M138: =IF(J138="",TODAY()-I138,J138-I138) -> 1 | N138: =IF(P138="",0,(IF(J138="",TODAY()-P138,IF(J138-P138>0,J138-P138,0)))) -> 0 | O138: =HYPERLINK(CONCATENATE("Project Name\01- Inspection Request - IR\STR\",B138,"-",C138,".PDF"),"IN") -> IN
A139: =ROW(A132) -> 132 | B139: WIR-MECH-114 | C139: 0 | E139: QC10 | F139: drainage pipes in concrete with house connections | I139: 46370 | J139: 46371 | K139: B | L139: =IF(K139="UR","PENDING",IF(K139="CC","OPEN","CLOSED")) -> CLOSED | M139: =IF(J139="",TODAY()-I139,J139-I139) -> 1 | N139: =IF(P139="",0,(IF(J139="",TODAY()-P139,IF(J139-P139>0,J139-P139,0)))) -> 0 | O139: =HYPERLINK(CONCATENATE("Project Name\01- Inspection Request - IR\STR\",B139,"-",C139,".PDF"),"IN") -> IN
... A193: =ROW(A186) -> 186 | B193: WIR-MECH-168 | C193: 0 | E193: Zone: 04 Building:QC-03 | F193: Installation and test for drainage pipes in concrete with house connections for Qaha C-03 | I193: 46064 | J193: 46065 | K193: B | L193: =IF(K193="UR","PENDING",IF(K193="CC","OPEN","CLOSED")) -> CLOSED | M193: =IF(J193="",TODAY()-I193,J193-I193) -> 1 | N193: =IF(P193="",0,(IF(J193="",TODAY()-P193,IF(J193-P193>0,J193-P193,0)))) -> 0 | O193: =HYPERLINK(CONCATENATE("Project Name\01- Inspection Request - IR\STR\",B193,"-",C193,".PDF"),"IN") -> IN
A194: =ROW(A187) -> 187 | B194: WIR-MECH-169 | C194: 0 | E194: Zone: 04 Building:Kiosk-01 | F194: Installation and test for drainage pipes in walls with vent pipes for Qaha Kiosk-01 | I194: 46064 | K194: ur | L194: =IF(K194="UR","PENDING",IF(K194="CC","OPEN","CLOSED")) -> PENDING | M194: =IF(J194="",TODAY()-I194,J194-I194) -> 50 | N194: =IF(P194="",0,(IF(J194="",TODAY()-P194,IF(J194-P194>0,J194-P194,0)))) -> 0 | O194: =HYPERLINK(CONCATENATE("Project Name\01- Inspection Request - IR\STR\",B194,"-",C194,".PDF"),"IN") -> IN
A195: =ROW(A188) -> 188 | B195: WIR-MECH-170 | C195: 0 | E195: Zone: 04, Building: Kiosk-02 | F195: Installation and test for drainage pipes in walls with vent pipes for Qaha Kiosk-02 | I195: 46064 | K195: ur | L195: =IF(K195="UR","PENDING",IF(K195="CC","OPEN","CLOSED")) -> PENDING | M195: =IF(J195="",TODAY()-I195,J195-I195) -> 50 | N195: =IF(P195="",0,(IF(J195="",TODAY()-P195,IF(J195-P195>0,J195-P195,0)))) -> 0 | O195: =HYPERLINK(CONCATENATE("Project Name\01- Inspection Request - IR\STR\",B195,"-",C195,".PDF"),"IN") -> IN
A196: =ROW(A189) -> 189 | B196: WIR-MECH-171 | C196: 0 | E196: Zone: 03 Building:Kiosk-03 | F196: Installation and test for drainage pipes in walls with vent pipes for Qaha Kiosk-03 | I196: 46064 | K196: ur | L196: =IF(K196="UR","PENDING",IF(K196="CC","OPEN","CLOSED")) -> PENDING | M196: =IF(J196="",TODAY()-I196,J196-I196) -> 50 | N196: =IF(P196="",0,(IF(J196="",TODAY()-P196,IF(J196-P196>0,J196-P196,0)))) -> 0 | O196: =HYPERLINK(CONCATENATE("Project Name\01- Inspection Request - IR\STR\",B196,"-",C196,".PDF"),"IN") -> IN
A197: =ROW(A190) -> 190 | B197: WIR-MECH-172 | C197: 0 | E197: Zone: 03, Building: Kiosk-04 | F197: Installation and test for drainage pipes in walls with vent pipes for Qaha Kiosk-04 | I197: 46064 | K197: ur | L197: =IF(K197="UR","PENDING",IF(K197="CC","OPEN","CLOSED")) -> PENDING | M197: =IF(J197="",TODAY()-I197,J197-I197) -> 50 | N197: =IF(P197="",0,(IF(J197="",TODAY()-P197,IF(J197-P197>0,J197-P197,0)))) -> 0 | O197: =HYPERLINK(CONCATENATE("Project Name\01- Inspection Request - IR\STR\",B197,"-",C197,".PDF"),"IN") -> IN
...

Sheet SURV
A1: Inspection Request - SURV | K1: A | L1: Approved | N1: Date: | O1: =TODAY() -> 46114
K2: B | L2: Approved with notes
K3: C | L3: Reject & Resubmit
K4: CC | L4: Not Resubmitted
K5: UR | L5: Under Review
A6: DOCUMENT REFERENCE NO | D6: Element | E6: Location | F6: DESCRIPTION | G6: Attachment | I6: Outgoing to Consultant | K6: Code Action | L6: Status | M6: Progress | N6: Over Duration | O6: scan | P6: Duration
A7: No. | B7: Reference | C7: REV | G7: Dwg | H7: Report | I7: Submission date | J7: Received Date
A9: 1 | B9: WIR-SURV-001 | C9: 0 | D9: Excavation | E9: Zone: 2 Building: GA-01 | F9: Excavation Level | I9: 45788 | J9: 45977 | K9: C | L9: CLOSED | M9: 11 | N9: 10 | O9: IN | P9: =IF(C9=0,I9+1,IF(C9>0,I9+1)) -> 45789
A10: 2 | B10: WIR-SURV-002 | C10: 0 | D10: General | E10: Zone: 2 Building: GA-01 | F10: Plain Concrete (PC) | I10: 45788 | J10: 45977 | K10: C | L10: CLOSED | M10: 11 | N10: 10 | O10: IN | P10: =IF(C10=0,I10+1,IF(C10>0,I10+1)) -> 45789
A11: 3 | B11: WIR-SURV-003 | C11: 0 | D11: General | E11: Zone: 2 Building: GA-01 | F11: Reinforced Concrete (RC) | I11: 45788 | J11: 45977 | K11: C | L11: CLOSED | M11: 11 | N11: 10 | O11: IN | P11: =IF(C11=0,I11+1,IF(C11>0,I11+1)) -> 45789
A12: 4 | B12: WIR-SURV-004 | C12: 0 | D12: General | E12: Zone: 2 Building: GA-01 | F12: Columns | I12: 45788 | J12: 45977 | K12: C | L12: CLOSED | M12: 11 | N12: 10 | O12: IN | P12: =IF(C12=0,I12+1,IF(C12>0,I12+1)) -> 45789
A13: 5 | B13: WIR-SURV-005 | C13: 0 | D13: General | E13: Zone: 2 Building: GA-02 | F13: Foundation Level | I13: 45788 | J13: 45977 | K13: C | L13: CLOSED | M13: 11 | N13: 10 | O13: IN | P13: =IF(C13=0,I13+1,IF(C13>0,I13+1)) -> 45789
A14: 6 | B14: WIR-SURV-006 | C14: 0 | D14: General | E14: Zone: 2 Building: GA-02 | F14: Plain Concrete (PC) | I14: 45788 | J14: 45977 | K14: C | L14: CLOSED | M14: 11 | N14: 10 | O14: IN | P14: =IF(C14=0,I14+1,IF(C14>0,I14+1)) -> 45789
A15: 7 | B15: WIR-SURV-007 | C15: 0 | D15: General | E15: Zone: 2 Building: GA-02 | F15: Reinforced Concrete (RC) | I15: 45788 | J15: 45977 | K15: C | L15: CLOSED | M15: 11 | N15: 10 | O15: IN | P15: =IF(C15=0,I15+1,IF(C15>0,I15+1)) -> 45789
A16: 8 | B16: WIR-SURV-008 | C16: 0 | D16: General | E16: Zone: 2 Building: GA-02 | F16: Columns | I16: 45788 | J16: 45977 | K16: C | L16: CLOSED | M16: 11 | N16: 10 | O16: IN | P16: =IF(C16=0,I16+1,IF(C16>0,I16+1)) -> 45789
A17: 9 | B17: WIR-SURV-009 | C17: 0 | D17: General | E17: Zone: 2 Building: GA-03 | F17: Foundation Level | I17: 45788 | J17: 46344 | K17: C | L17: CLOSED | M17: 13 | N17: 12 | O17: IN | P17: =IF(C17=0,I17+1,IF(C17>0,I17+1)) -> 45789
A18: 10 | B18: WIR-SURV-010 | C18: 0 | D18: General | E18: Zone: 2 Building: GA-03 | F18: Plain Concrete (PC) | I18: 45788 | J18: 46344 | K18: C | L18: CLOSED | M18: 13 | N18: 12 | O18: IN | P18: =IF(C18=0,I18+1,IF(C18>0,I18+1)) -> 45789
A19: 11 | B19: WIR-SURV-011 | C19: 0 | D19: General | E19: Zone: 2 Building: GA-03 | F19: Reinforced Concrete (RC) | I19: 45788 | J19: 46344 | K19: C | L19: CLOSED | M19: 13 | N19: 12 | O19: IN | P19: =IF(C19=0,I19+1,IF(C19>0,I19+1)) -> 45789
A20: 12 | B20: WIR-SURV-012 | C20: 0 | D20: General | E20: Zone: 2 Building: GA-03 | F20: Columns | I20: 45788 | J20: 46344 | K20: C | L20: CLOSED | M20: 13 | N20: 12 | O20: IN | P20: =IF(C20=0,I20+1,IF(C20>0,I20+1)) -> 45789
... A53: 45 | B53: WIR-SURV-045 | C53: 0 | D53: Excavation | E53: Zone: 2 Building: Gathering | F53: Excavation Level | I53: 45788 | J53: 46344 | K53: C | L53: CLOSED | M53: 13 | N53: 12 | O53: IN | P53: =IF(C53=0,I53+1,IF(C53>0,I53+1)) -> 45789
A54: 46 | B54: WIR-SURV-046 | C54: 0 | D54: General | E54: Zone: 2 Building: Gathering | F54: Plain Concrete (PC) | I54: 45788 | J54: 46344 | K54: C | L54: CLOSED | M54: 13 | N54: 0 | O54: IN
A55: 47 | B55: WIR-SURV-047 | C55: 0 | D55: General | E55: Zone: 2 Building: Gathering | F55: Reinforced Concrete (RC) | I55: 45788 | J55: 46344 | K55: C | L55: CLOSED | M55: 13 | N55: 0 | O55: IN
A56: 48 | B56: WIR-SURV-048 | C56: 0 | D56: General | E56: Zone: 2 Building: Gathering | F56: Columns | I56: 45788 | J56: 46344 | K56: C | L56: CLOSED | M56: 13 | N56: 0 | O56: IN
A57: 49 | B57: WIR-SURV-049 | C57: 0 | D57: General | E57: Zone: 2 Building: Control Room | F57: Excavation Level | I57: 45788 | J57: 46344 | K57: C | L57: CLOSED | M57: 13 | N57: 0 | O57: IN
A58: 50 | B58: WIR-SURV-050 | C58: 0 | D58: General | E58: Zone: 2 Building: Control Room | F58: Plain Concrete (PC) | I58: 45788 | J58: 46344 | K58: C | L58: CLOSED | M58: 13 | N58: 0 | O58: IN
A59: 51 | B59: WIR-SURV-051 | C59: 0 | D59: General | E59: Zone: 2 Building: Control Room | F59: Reinforced Concrete (RC) | I59: 45788 | J59: 46344 | K59: C | L59: CLOSED | M59: 13 | N59: 0 | O59: IN
A60: 52 | B60: WIR-SURV-052 | C60: 0 | D60: General | E60: Zone: 2 Building: Control Room | F60: Columns | I60: 45788 | J60: 46344 | K60: C | L60: CLOSED | M60: 13 | N60: 0 | O60: IN
A61: 53 | B61: WIR-SURV-053 | C61: 0 | D61: General | E61: Zone: 2 Building: Maintance Store | F61: Excavation Level | I61: 45788 | J61: 46344 | K61: C | L61: CLOSED | M61: 13 | N61: 0 | O61: IN
A62: 54 | B62: WIR-SURV-054 | C62: 0 | D62: General | E62: Zone: 2 Building: Maintance Store | F62: Plain Concrete (PC) | I62: 45788 | J62: 46344 | K62: C | L62: CLOSED | M62: 13 | N62: 0 | O62: IN
A63: 55 | B63: WIR-SURV-055 | C63: 0 | D63: General | E63: Zone: 2 Building: Maintance Store | F63: Reinforced Concrete (RC) | I63: 45788 | J63: 46344 | K63: C | L63: CLOSED | M63: 13 | N63: 0 | O63: IN
A64: 56 | B64: WIR-SURV-056 | C64: 0 | D64: General | E64: Zone: 2 Building: Maintance Store | F64: Columns | I64: 45788 | J64: 46344 | K64: C | L64: CLOSED | M64: 13 | N64: 0 | O64: IN
A65: 57 | B65: WIR-SURV-057 | C65: 0 | D65: General | E65: Zone: 2 Building: Frist Aid | F65: Excavation Level | I65: 45788 | J65: 46344 | K65: C | L65: CLOSED | M65: 13 | N65: 0 | O65: IN
... A88: 80 | B88: WIR-SURV-020 | C88: 1 | D88: General | E88: Zone: 2 Building: GA-05 | F88: Columns | I88: 46002 | J88: 46339 | K88: B | L88: CLOSED | M88: 1 | N88: 0 | O88: IN
A89: 81 | B89: WIR-SURV-021 | C89: 1 | D89: General | E89: Zone: 2 Building: GA-06 | F89: Foundation Level | I89: 46002 | J89: 46339 | K89: B | L89: CLOSED | M89: 1 | N89: 0 | O89: IN | P89: =IF(C89=0,I89+1,IF(C89>0,I89+1)) -> 46003
A90: 82 | B90: WIR-SURV-022 | C90: 1 | D90: General | E90: Zone: 2 Building: GA-06 | F90: Plain Concrete (PC) | I90: 46002 | J90: 46339 | K90: B | L90: CLOSED | M90: 1 | N90: 0 | O90: IN | P90: =IF(C90=0,I90+1,IF(C90>0,I90+1)) -> 46003
A91: 83 | B91: WIR-SURV-023 | C91: 1 | D91: General | E91: Zone: 2 Building: GA-06 | F91: Reinforced Concrete (RC) | I91: 46002 | J91: 46339 | K91: B | L91: CLOSED | M91: 1 | N91: 0 | O91: IN | P91: =IF(C91=0,I91+1,IF(C91>0,I91+1)) -> 46003
A92: 84 | B92: WIR-SURV-024 | C92: 1 | D92: General | E92: Zone: 2 Building: GA-06 | F92: Columns | I92: 46002 | J92: 46339 | K92: B | L92: CLOSED | M92: 1 | N92: 0 | O92: IN | P92: =IF(C92=0,I92+1,IF(C92>0,I92+1)) -> 46003
A93: 85 | B93: WIR-SURV-025 | C93: 1 | D93: General | E93: Zone: 2 Building: GA-07 | F93: Foundation Level | I93: 46002 | J93: 46339 | K93: B | L93: CLOSED | M93: 1 | N93: 0 | O93: IN | P93: =IF(C93=0,I93+1,IF(C93>0,I93+1)) -> 46003
A94: 86 | B94: WIR-SURV-026 | C94: 1 | D94: General | E94: Zone: 2 Building: GA-07 | F94: Plain Concrete (PC) | I94: 46002 | J94: 46339 | K94: B | L94: CLOSED | M94: 1 | N94: 0 | O94: IN | P94: =IF(C94=0,I94+1,IF(C94>0,I94+1)) -> 46003
A95: 87 | B95: WIR-SURV-027 | C95: 1 | D95: General | E95: Zone: 2 Building: GA-07 | F95: Reinforced Concrete (RC) | I95: 46002 | J95: 46339 | K95: B | L95: CLOSED | M95: 1 | N95: 0 | O95: IN | P95: =IF(C95=0,I95+1,IF(C95>0,I95+1)) -> 46003
A96: 88 | B96: WIR-SURV-028 | C96: 1 | D96: General | E96: Zone: 2 Building: GA-07 | F96: Columns | I96: 46002 | J96: 46339 | K96: B | L96: CLOSED | M96: 1 | N96: 0 | O96: IN | P96: =IF(C96=0,I96+1,IF(C96>0,I96+1)) -> 46003
A97: 89 | B97: WIR-SURV-029 | C97: 1 | D97: General | E97: Zone: 2 Building: GA-08 | F97: Foundation Level | I97: 46002 | J97: 46339 | K97: B | L97: CLOSED | M97: 1 | N97: 0 | O97: IN | P97: =IF(C97=0,I97+1,IF(C97>0,I97+1)) -> 46003
A98: 90 | B98: WIR-SURV-030 | C98: 1 | D98: General | E98: Zone: 2 Building: GA-08 | F98: Plain Concrete (PC) | I98: 46002 | J98: 46339 | K98: B | L98: CLOSED | M98: 1 | N98: 0 | O98: IN | P98: =IF(C98=0,I98+1,IF(C98>0,I98+1)) -> 46003
A99: 91 | B99: WIR-SURV-031 | C99: 1 | D99: General | E99: Zone: 2 Building: GA-08 | F99: Reinforced Concrete (RC) | I99: 45978 | J99: 46344 | K99: B | L99: CLOSED | M99: 1 | N99: 0 | O99: IN | P99: =IF(C99=0,I99+1,IF(C99>0,I99+1)) -> 45979
A100: 92 | B100: WIR-SURV-032 | C100: 1 | D100: General | E100: Zone: 2 Building: GA-08 | F100: Columns | I100: 45978 | J100: 46344 | K100: B | L100: CLOSED | M100: 1 | N100: 0 | O100: IN
A101: 93 | B101: WIR-SURV-033 | C101: 1 | D101: General | E101: Zone: 2 Building: GA-09 | F101: Foundation Level | I101: 45978 | J101: 46344 | K101: B | L101: CLOSED | M101: 1 | N101: 0 | O101: IN
A102: 94 | B102: WIR-SURV-034 | C102: 1 | D102: General | E102: Zone: 2 Building: GA-09 | F102: Plain Concrete (PC) | I102: 45978 | J102: 46344 | K102: B | L102: CLOSED | M102: 1 | N102: 0 | O102: IN
A103: 95 | B103: WIR-SURV-035 | C103: 1 | D103: General | E103: Zone: 2 Building: GA-09 | F103: Reinforced Concrete (RC) | I103: 45978 | J103: 46344 | K103: B | L103: CLOSED | M103: 1 | N103: 0 | O103: IN
A104: 96 | B104: WIR-SURV-036 | C104: 1 | D104: General | E104: Zone: 2 Building: GA-09 | F104: Columns | I104: 45978 | J104: 46344 | K104: B | L104: CLOSED | M104: 1 | N104: 0 | O104: IN
A105: 97 | B105: WIR-SURV-037 | C105: 1 | D105: General | E105: Zone: 2 Building: GA-10 | F105: Foundation Level | I105: 45978 | J105: 46344 | K105: B | L105: CLOSED | M105: 1 | N105: 0 | O105: IN
A106: 98 | B106: WIR-SURV-038 | C106: 1 | D106: General | E106: Zone: 2 Building: GA-10 | F106: Plain Concrete (PC) | I106: 45978 | J106: 46344 | K106: B | L106: CLOSED | M106: 1 | N106: 0 | O106: IN
A107: 99 | B107: WIR-SURV-039 | C107: 1 | D107: General | E107: Zone: 2 Building: GA-10 | F107: Reinforced Concrete (RC) | I107: 45978 | J107: 46344 | K107: B | L107: CLOSED | M107: 1 | N107: 0 | O107: IN
A108: 100 | B108: WIR-SURV-040 | C108: 1 | D108: General | E108: Zone: 2 Building: GA-10 | F108: Columns | I108: 45978 | J108: 46344 | K108: B | L108: CLOSED | M108: 1 | N108: 0 | O108: IN
A109: 101 | B109: WIR-SURV-041 | C109: 1 | D109: General | E109: Zone: 2 Building: GA-11 | F109: Foundation Level | I109: 45978 | J109: 46344 | K109: B | L109: CLOSED | M109: 1 | N109: 0 | O109: IN
A110: 102 | B110: WIR-SURV-042 | C110: 1 | D110: General | E110: Zone: 2 Building: GA-11 | F110: Plain Concrete (PC) | I110: 45978 | J110: 46344 | K110: B | L110: CLOSED | M110: 1 | N110: 0 | O110: IN
A111: 103 | B111: WIR-SURV-043 | C111: 1 | D111: General | E111: Zone: 2 Building: GA-11 | F111: Reinforced Concrete (RC) | I111: 45978 | J111: 46344 | K111: B | L111: CLOSED | M111: 1 | N111: 0 | O111: IN
... A275: 267 | B275: WIR-SURV-207 | C275: 0 | D275: General | E275: ZONE : 4 | F275: (Columns) | I275: 46045 | J275: 46057 | K275: B | L275: CLOSED | M275: 12 | N275: 0 | O275: IN
A276: 268 | B276: WIR-SURV-208 | C276: 0 | D276: General | E276: Zone: 2 | F276: (Excavation Level) | I276: 46045 | K276: B | L276: PENDING | M276: 25 | N276: 0 | O276: IN
A277: 269 | B277: WIR-SURV-209 | C277: 0 | D277: General | E277: Zone: 2 | F277: (Plain Concrete (PC)) | I277: 46045 | K277: B | L277: PENDING | M277: 25 | N277: 0 | O277: IN
A278: 270 | B278: WIR-SURV-210 | C278: 0 | D278: General | E278: Zone: 2 | F278: (Reinforced Concrete (RC)) | I278: 46045 | K278: B | L278: PENDING | M278: 25 | N278: 0 | O278: IN
A279: 271 | B279: WIR-SURV-211 | C279: 0 | D279: General | E279: Zone: 2 | F279: (Excavation Level) | I279: 46045 | K279: B | L279: PENDING | M279: 25 | N279: 0 | O279: IN
A280: 272 | B280: WIR-SURV-212 | C280: 0 | D280: General | E280: Zone: 2 | F280: (Plain Concrete (PC)) | I280: 46045 | K280: B | L280: PENDING | M280: 25 | N280: 0 | O280: IN
A281: 273 | B281: WIR-SURV-213 | C281: 0 | D281: General | E281: Zone: 2 | F281: (Reinforced Concrete (RC)) | I281: 46045 | K281: B | L281: PENDING | M281: 25 | N281: 0 | O281: IN
A282: 274 | B282: WIR-SURV-214 | C282: 0 | D282: General | E282: Zone: 2 | F282: (Plain Concrete (PC)) | I282: 46045 | K282: B | L282: PENDING | M282: 25 | N282: 0 | O282: IN
A283: 275 | B283: WIR-SURV-215 | C283: 0 | D283: General | E283: Zone: 2 | F283: (Reinforced Concrete (RC)) | I283: 46045 | K283: B | L283: PENDING | M283: 25 | N283: 0 | O283: IN
A284: 276 | B284: WIR-SURV-216 | C284: 0 | D284: General | I284: 46045 | J284: 46057 | K284: B | L284: CLOSED | M284: 12 | N284: 0 | O284: IN
A285: 277 | B285: WIR-SURV-217 | C285: 0 | D285: General | E285: Zone: 2 | F285: (Plain Concrete (PC)) | I285: 46045 | J285: 46057 | K285: B | L285: CLOSED | M285: 12 | N285: 0 | O285: IN
A286: 278 | B286: WIR-SURV-218 | C286: 0 | D286: General | E286: Zone: 2 | F286: (Reinforced Concrete (RC)) | I286: 46045 | J286: 46057 | K286: B | L286: CLOSED | M286: 12 | N286: 0 | O286: IN
A287: 279 | B287: WIR-SURV-219 | C287: 0 | D287: General | E287: Zone: 2 | F287: (Excavation Level) | I287: 46045 | J287: 46057 | K287: B | L287: CLOSED | M287: 12 | N287: 0 | O287: IN
A288: 280 | B288: WIR-SURV-220 | C288: 0 | D288: General | E288: Zone: 2 | F288: (Excavation Level) | I288: 46045 | J288: 46057 | K288: B | L288: CLOSED | M288: 12 | N288: 0 | O288: IN
A289: 281 | B289: WIR-SURV-221 | C289: 0 | D289: General | E289: Zone: 2 | F289: (Plain Concrete (PC)) | I289: 46045 | J289: 46057 | K289: B | L289: CLOSED | M289: 12 | N289: 0 | O289: IN
A290: 282 | B290: WIR-SURV-222 | C290: 0 | D290: General | E290: Zone: 2 | F290: (Reinforced Concrete (RC)) | I290: 46045 | J290: 46057 | K290: B | L290: CLOSED | M290: 12 | N290: 0 | O290: IN
A291: 283 | B291: WIR-SURV-223 | C291: 0 | D291: General | E291: Zone: 2 | F291: (Excavation Level) | I291: 46045 | J291: 46057 | K291: B | L291: CLOSED | M291: 12 | N291: 0 | O291: IN
A292: 284 | B292: WIR-SURV-224 | C292: 0 | D292: General | E292: Zone: 2 | F292: (Plain Concrete (PC)) | I292: 46045 | J292: 46057 | K292: B | L292: CLOSED | M292: 12 | N292: 0 | O292: IN
A293: 285 | B293: WIR-SURV-225 | C293: 0 | D293: General | E293: Zone: 2 | F293: (Reinforced Concrete (RC)) | I293: 46045 | J293: 46057 | K293: B | L293: CLOSED | M293: 12 | N293: 0 | O293: IN
A294: 286 | B294: WIR-SURV-226 | C294: 0 | D294: General | E294: Zone: 2 | F294: (Excavation Level) | I294: 46045 | J294: 46057 | K294: B | L294: CLOSED | M294: 12 | N294: 0 | O294: IN
A295: 287 | B295: WIR-SURV-227 | C295: 0 | D295: General | E295: Zone: 2 | F295: (Plain Concrete (PC)) | I295: 46045 | J295: 46057 | K295: B | L295: CLOSED | M295: 12 | N295: 0 | O295: IN
A296: 288 | B296: WIR-SURV-228 | C296: 0 | D296: General | E296: Zone: 2 | F296: (Reinforced Concrete (RC)) | I296: 46045 | J296: 46057 | K296: B | L296: CLOSED | M296: 12 | N296: 0 | O296: IN
... A332: 324 | B332: WIR-SURV-264 | C332: 0 | D332: General | E332: Zone: 5S FOR MAIN ROAD | F332: (LEVEL OF 5S) | I332: 46068 | J332: 46065 | K332: B | L332: PENDING | M332: 2 | N332: 0 | O332: IN
A333: 325 | B333: WIR-SURV-265 | C333: 0 | D333: General | F333: Asbuilt | I333: 46068 | K333: UR | L333: PENDING | M333: 2 | N333: 0 | O333: IN
A334: 326 | B334: WIR-SURV-266 | D334: General | E334: Zone: 3&4 | F334: (LEVEL OF 5S) | I334: 46068 | J334: 46065 | K334: B | L334: PENDING | M334: 2 | N334: 0 | O334: IN
A335: 327 | B335: WIR-SURV-267 | D335: General | F335: Asbuilt | I335: 46068 | K335: UR | L335: PENDING | M335: 2 | N335: 0 | O335: IN
A336: 328 | B336: WIR-SURV-268 | D336: General | E336: Zone: 2 | F336: LEVEL OF 5S | I336: 46068 | J336: 46065 | K336: B | L336: PENDING | M336: 2 | N336: 0 | O336: IN
A337: 329 | B337: WIR-SURV-269 | D337: General | F337: Check Asbuilt for Lengths at Fences in all Project up to 25-01-2026 | I337: 46068 | K337: UR | L337: PENDING | M337: 2 | N337: 0 | O337: IN
A338: 330 | B338: WIR-SURV-270 | D338: General | E338: WILD LIFE | F338: (Excavation Level) | I338: 46068 | J338: 46055 | K338: B | L338: PENDING | M338: 2 | N338: 0 | O338: IN
A339: 331 | B339: WIR-SURV-271 | D339: General | E339: WILD LIFE | F339: (Plain Concrete (PC)) | I339: 46068 | J339: 46055 | K339: B | L339: PENDING | M339: 2 | N339: 0 | O339: IN
A340: 332 | B340: WIR-SURV-272 | D340: General | E340: WILD LIFE | F340: Columns | I340: 46068 | J340: 46055 | K340: B | L340: PENDING | M340: 2 | N340: 0 | O340: IN
A341: 333 | B341: WIR-SURV-273 | D341: General | E341: WILD LIFE | F341: (Reinforced Concrete (RC)) | I341: 46068 | J341: 46055 | K341: B | L341: PENDING | M341: 2 | N341: 0 | O341: IN
A342: 334 | B342: WIR-SURV-274 | D342: General | E342: playground | F342: (Excavation Level) | I342: 46068 | J342: 46055 | K342: B | L342: PENDING | M342: 2 | N342: 0 | O342: IN
A343: 335 | B343: WIR-SURV-275 | D343: General | E343: playground | F343: (Plain Concrete (PC)) | I343: 46068 | J343: 46055 | K343: B | L343: PENDING | M343: 2 | N343: 0 | O343: IN
A344: 336 | B344: WIR-SURV-276 | D344: General | E344: playground | F344: (Reinforced Concrete (RC)) | I344: 46068 | J344: 46055 | K344: B | L344: PENDING | M344: 2 | N344: 0 | O344: IN
A345: 337 | B345: WIR-SURV-277 | D345: General | E345: playground | F345: Columns | I345: 46068 | J345: 46055 | K345: B | L345: PENDING | M345: 2 | N345: 0 | O345: IN
A346: 338 | B346: WIR-SURV-278 | D346: General | E346: mosque | F346: (Excavation Level) | I346: 46068 | J346: 46055 | K346: B | L346: PENDING | M346: 2 | N346: 0 | O346: IN
A347: 339 | B347: WIR-SURV-279 | D347: General | E347: mosque | F347: (Plain Concrete (PC)) | I347: 46068 | J347: 46055 | K347: B | L347: PENDING | M347: 2 | N347: 0 | O347: IN
A348: 340 | B348: WIR-SURV-280 | D348: General | E348: mosque | F348: (Reinforced Concrete (RC)) | I348: 46068 | J348: 46055 | K348: B | L348: PENDING | M348: 2 | N348: 0 | O348: IN
A349: 341 | B349: WIR-SURV-281 | D349: General | E349: mosque | F349: Columns | I349: 46068 | J349: 46055 | K349: B | L349: PENDING | M349: 2 | N349: 0 | O349: IN
B350: WIR-SURV-282 | E350: Zone: 2 | F350: (Excavation Level)

Sheet SUMMARY REPORTS
D1: D
AB2: WORK ACTIVITIES | AC2: Code Action | AE2: Issue for | AF2: FLOOR | AG2: ELEMENT
E3: 1686 | G3: INSPECTION REQUEST FOR All PROJECT | AB3: Column1 | AC3: Column2 | AD3: Column3 | AE3: Column4 | AF3: Column5 | AG3: Column6 | AH3: Column7 | AI3: Column8 | AJ3: Column9 | AK3: Column10
G4: A | H4: B | I4: C | J4: UR | K4: D | AB4: STR | AC4: A | AD4: APPROVED | AE4: APPROVAL | AG4: str | AH4: serv | AI4: arch | AJ4: elec | AK4: mech
D5: =SUM(D13,D21,D30,D39,D49) -> 2123 | E5: =SUM(E13,E21,E30,E39,E49) -> 1686 | G5: =SUM(D8+D16+D25+D34+D44) -> 0 | H5: =SUM(E9,E17,E26,E35,E45) -> 1203 | I5: =SUM(E10,E18,E27,E36,E46) -> 115 | J5: =SUM(E11,E19,E28,E37,E47) -> 345 | K5: =SUM(E10) -> 0 | L5: =SUM(G5:K5) -> 1663 | AB5: ARCH | AC5: B | AD5: APPROVE AS NOTET | AE5: INFORMATION | AF5: PC | AG5: Concrete | AH5: Concrete | AI5: Block | AJ5: Lighting
G6: =G5/$E$3 -> 0 | H6: =H5/$E$3 -> 0.71352313 | I6: =I5/$E$3 -> 0.068208778 | J6: =J5/$E$3 -> 0.20462633 | K6: =K5/$E$3 -> 0 | AB6: ELEC | AC6: C | AD6: REVICE & RESUBMIT | AF6: RC | AG6: Con.slabs | AH6: Con.slabs | AI6: Cladding | AJ6: Power
B7: Description | C7: Code | D7: Quantity | S7: 661 | T7: 175 | U7: 203 | V7: 771 | W7: 341 | X7: =SUM(S7:W7) -> 2151 | AB7: MECH | AC7: D | AD7: REJECTED | AF7: B.COL | AG7: Insulation | AH7: Block | AI7: Plastering | AJ7: Low Current
B8: IR SU | C8: A | D8: =COUNTIF(SURV!K8:K1992,"A") -> 0 | AB8: SERV | AC8: UR | AD8: UNDER REVIEW | AF8: G.COL | AG8: Back Filling | AH8: Cladding | AI8: Insulation
C9: B | D9: 279 | E9: 279 | F9: Profast-PROJECT NAME INSPECTION REQUEST | AB9: SEFT | AC9: CA | AD9: CANCEL | AF9: 1.COL | AG9: Excavation | AH9: Plastering | AI9: Painting
C10: CC | D10: 59 | E10: 0 | AB10: MATERAIL | AC10: CC | AD10: Not Resubmitted | AF10: 2.COL | AG10: Finishing | AH10: Insulation | AI10: Marble
C11: UR | D11: 3 | E11: 0 | AB11: G | AC11: C , B | AF11: 3.COL | AH11: Back Filling | AI11: Stone
C12: D | D12: 0 | E12: 0 | AF12: 4.COL | AH12: Painting | AI12: G.poard
D13: =SUM(D8,D8:D12) -> 341 | E13: =SUM(E9:E12) -> 279 | AF13: R.COL | AH13: Excavation | AI13: celar
AE14: B.FLOOR | AF14: B.SLAB | AH14: General
B15: Description | C15: Code | D15: Quantity | AE15: G.FLOOR | AF15: G.SLAB | AI15: Handrail
B16: IR STR | C16: A | D16: =COUNTIF(STR!K9:K2055,"A") -> 0 | AE16: 1.FLOOR | AF16: 1.SLAB | AI16: GRC
C17: B | D17: 289 | E17: 364 | AE17: 2.FLOOR | AF17: 2.SLAB
C18: CC | D18: 192 | E18: 70 | AE18: 3.FLOOR | AF18: 3.SLAB
C19: UR | D19: 152 | E19: 71 | AE19: 4.FLOOR | AF19: 4.SLAB
C20: D | D20: 16 | E20: 18 | AE20: R.FLOOR | AF20: R.SLAB
D21: =SUM(D16:D20) -> 649 | E21: =SUM(E17:E20) -> 523 | AE21: Landscap | AF21: Re.Wall
AE22: Roods | AF22: Stairs
AF23: S.O.G
B24: Description | C24: Code | D24: Quantity | AF24: GENERAL
B25: IR ELEC | C25: A | D25: =COUNTIF(ELEC!K9:K2003,"A") -> 0 | AF25: ELEV
C26: B | D26: 38 | E26: 70 | AF26: Ramp
C27: CC | D27: 23 | E27: 21 | AF27: Core
C28: UR | D28: 141 | E28: 2 | AF28: Tank
C29: D | D29: =COUNTIF(ELEC!K9:K2007,"D") -> 1 | E29: 1 | AF29: Post
D30: =SUM(D25:D29) -> 203 | E30: =SUM(E26:E29) -> 94 | AF30: Entrance
B33: Description | C33: Code | D33: Quantity
B34: IR MECH | C34: A | D34: =COUNTIF(MECH!$K$8:K1956,"A") -> 0
C35: B | D35: 277 | E35: 480
C36: CC | D36: 19 | E36: 2
C37: UR | D37: 457 | E37: 250
C38: D | D38: =COUNTIF(MECH!$K$8:K1960,"D") -> 0 | E38: 0
D39: =SUM(D34:D38) -> 753 | E39: =SUM(E35:E38) -> 732
B43: Description | C43: Code | D43: Quantity
B44: IR ARCH | C44: A | D44: =COUNTIF(ARCH!$K$13:K1998,"A") -> 0
C45: B | D45: 12 | E45: 10
C46: CC | D46: 22 | E46: 22
C47: UR | D47: 139 | E47: 22
C48: D | D48: =COUNTIF(ARCH!$K$13:K2002,"D") -> 4 | E48: 4
D49: =SUM(D44:D48) -> 177 | E49: =SUM(E45:E48) -> 58

Sheet Rola
A1: Inspection Request - SURV
A6: DOCUMENT REFERENCE NO | D6: Element | E6: Location | F6: DESCRIPTION | G6: Attachment | I6: Outgoing to Consultant
A7: No. | B7: Reference | C7: REV | G7: Dwg | H7: Report | I7: Submission date | J7: Received Date
A8: =ROW(A1) -> 1 | B8: WIR-CIVIL-23 | D8: STR | I8: 45990
A9: =ROW(A2) -> 2 | B9: WIR-CIVIL-24 | D9: STR | I9: 45990
A10: =ROW(A3) -> 3 | B10: WIR-CIVIL-25 | D10: STR | I10: 45990
A11: =ROW(A4) -> 4 | B11: WIR-CIVIL-26 | D11: STR | I11: 45990
A12: =ROW(A5) -> 5 | B12: WIR-CIVIL-27 | D12: STR | I12: 45990
A13: =ROW(A6) -> 6 | B13: WIR-CIVIL-28 | D13: STR | I13: 45990
A14: =ROW(A7) -> 7 | B14: WIR-CIVIL-29 | D14: STR | I14: 45990
A15: =ROW(#REF!) -> #REF! | B15: WIR-CIVIL-30 | D15: STR | I15: 45990
A16: =ROW(A8) -> 8 | B16: WIR-CIVIL-31 | D16: STR | I16: 45990
A17: =ROW(A9) -> 9 | B17: WIR-CIVIL-32 | D17: STR | I17: 45990
A18: =ROW(A10) -> 10 | B18: WIR-CIVIL-33 | D18: STR | I18: 45990
A19: =ROW(A11) -> 11 | B19: WIR-CIVIL-34 | D19: STR | I19: 45990
A20: =ROW(A12) -> 12 | B20: WIR-CIVIL-35 | D20: STR | I20: 45990
A21: =ROW(A13) -> 13 | B21: WIR-CIVIL-36 | D21: STR | I21: 45990
A22: =ROW(A14) -> 14 | B22: WIR-CIVIL-37 | D22: STR | I22: 45990
A23: =ROW(A15) -> 15 | B23: WIR-CIVIL-38 | D23: STR | I23: 45990
A24: =ROW(A16) -> 16 | B24: WIR-CIVIL-39 | D24: STR | I24: 45990
A25: =ROW(A17) -> 17 | B25: WIR-CIVIL-40 | D25: STR | I25: 45990
A26: =ROW(A18) -> 18 | B26: WIR-CIVIL-41 | D26: STR | I26: 45990
A27: =ROW(A19) -> 19 | B27: WIR-CIVIL-42 | D27: STR | I27: 45990
... A91: =ROW(A83) -> 83 | B91: WIR-CIVIL-106 | D91: STR | I91: 45990
A92: 266 | B92: WIR-Civil-201 | C92: 0 | D92: STR | E92: ZONE :3-4 Building : Q-C(03-04) | F92: Prevention Termites . Polythene Sheet | I92: 46048
A93: 267 | B93: WIR-Civil-202 | C93: 0 | D93: STR | E93: ZONE :3-4 Building : Q-C(03-04) | F93: Form Work of P.C Footing | I93: 46048
A94: 268 | B94: WIR-Civil-203 | C94: 0 | D94: STR | E94: ZONE :3-4 Building : Q-C(03-04) | F94: Pouring For P.C Footing | I94: 46048
A95: 269 | B95: WIR-Civil-204 | C95: 0 | D95: STR | E95: ZONE :3-4 Building : Q-C(03-04) | F95: Form and Steel Work of R.C raft | I95: 46048
A96: 270 | B96: WIR-Civil-205 | C96: 0 | D96: STR | E96: ZONE :3-4 Building : Q-C(03-04) | F96: Pouring For R.C raft | I96: 46048
A97: 271 | B97: WIR-Civil-206 | C97: 0 | D97: STR | E97: ZONE :3-4 Building : Q-C(03-04) | F97: Surface Preparation for R.C Footing Before Insulation | I97: 46048
A98: 272 | B98: WIR-Civil-207 | C98: 0 | D98: STR | E98: ZONE :3-4 Building : Q-C(03-04) | F98: Insulation of R.C raft | I98: 46048
A99: 273 | B99: WIR-Civil-208 | C99: 0 | D99: STR | E99: ZONE :3-4 Building : Q-C(03-04) | F99: Steel structure working | I99: 46048
A100: 274 | B100: WIR-Civil-209 | C100: 0 | D100: STR | E100: ZONE :3-4 Building : Q-C(03-04) | F100: Pouring For Screed ( ground floor ) | I100: 46048
A101: 275 | B101: WIR-Civil-210 | C101: 0 | D101: STR | E101: ZONE :3-4 Building : Q-C(03-04) | F101: Installation of H.C.S | I101: 46048
A102: 276 | B102: WIR-Civil-211 | C102: 0 | D102: STR | E102: ZONE :3-4 Building : Q-C(03-04) | F102: Steel works of Screed after H.C.S | I102: 46048
A103: 277 | B103: WIR-Civil-212 | C103: 0 | D103: STR | E103: ZONE :3-4 Building : Q-C(03-04) | F103: Pouring For Screed | I103: 46048
... A144: 386 | B144: WIR-Civil-322 | C144: 0 | D144: STR | E144: ZONE : 3-4 Building : Q-C(11-12-15-16) | F144: Pouring For Screed | I144: 46048
A160: =ROW(A152) -> 152 | B160: WIR-MECH-015 | D160: MECH | I160: 45990
A161: =ROW(A153) -> 153 | B161: WIR-MECH-016 | D161: MECH | I161: 45990
A162: =ROW(A154) -> 154 | B162: WIR-MECH-017 | D162: MECH | I162: 45990
A163: =ROW(A155) -> 155 | B163: WIR-MECH-018 | D163: MECH | I163: 45990
A164: =ROW(A156) -> 156 | B164: OT-GEN-00111 | D164: OTHER | I164: 45990
